{
  "total_time": 1000,
  "total_delegations": 378,
  "best_provider_idx": 0,
  "providers": [
    {
      "delegations": 126,
      "total_price": 1.9063499999999993,
      "total_reward": 233.18614965691103,
      "total_cost": 0.6904687500000001,
      "avg_reward": 1.8506837274358017,
      "user_utility": 231.27979965691102,
      "provider_utility": 0.2627062499999996,
      "total_prompt_tokens": 333060,
      "total_completion_tokens": 60478,
      "total_tokens": 393538,
      "avg_tokens_per_delegation": 3123.3174603174602
    },
    {
      "delegations": 126,
      "total_price": 1.9771200000000004,
      "total_reward": 224.75683646907072,
      "total_cost": 0.731588,
      "avg_reward": 1.7837844164211967,
      "user_utility": 222.7797164690707,
      "provider_utility": 0.2569720000000002,
      "total_prompt_tokens": 327405,
      "total_completion_tokens": 66327,
      "total_tokens": 393732,
      "avg_tokens_per_delegation": 3124.8571428571427
    },
    {
      "delegations": 126,
      "total_price": 2.4657960000000014,
      "total_reward": 328.07575927159496,
      "total_cost": 1.2328980000000007,
      "avg_reward": 2.60377586723488,
      "user_utility": 325.60996327159495,
      "provider_utility": 0.0,
      "total_prompt_tokens": 362502,
      "total_completion_tokens": 91886,
      "total_tokens": 454388,
      "avg_tokens_per_delegation": 3606.253968253968
    }
  ]
}