{
  "total_time": 1000,
  "total_delegations": 378,
  "best_provider_idx": 0,
  "providers": [
    {
      "delegations": 126,
      "total_price": 1.9063499999999993,
      "total_reward": 466.37229931382205,
      "total_cost": 0.6904687500000001,
      "avg_reward": 3.7013674548716033,
      "user_utility": 464.4659493138221,
      "provider_utility": 0.2627062499999996,
      "total_prompt_tokens": 333060,
      "total_completion_tokens": 60478,
      "total_tokens": 393538,
      "avg_tokens_per_delegation": 3123.3174603174602
    },
    {
      "delegations": 126,
      "total_price": 1.9183860000000001,
      "total_reward": 460.8839071890963,
      "total_cost": 0.6901304999999996,
      "avg_reward": 3.6578087872150493,
      "user_utility": 458.9655211890963,
      "provider_utility": 0.2690625000000004,
      "total_prompt_tokens": 328287,
      "total_completion_tokens": 62235,
      "total_tokens": 390522,
      "avg_tokens_per_delegation": 3099.3809523809523
    },
    {
      "delegations": 126,
      "total_price": 2.4657960000000014,
      "total_reward": 656.1515185431899,
      "total_cost": 1.2328980000000007,
      "avg_reward": 5.20755173446976,
      "user_utility": 653.68572254319,
      "provider_utility": 0.0,
      "total_prompt_tokens": 362502,
      "total_completion_tokens": 91886,
      "total_tokens": 454388,
      "avg_tokens_per_delegation": 3606.253968253968
    }
  ]
}