{
  "total_time": 1000,
  "total_delegations": 440,
  "best_provider_idx": 1,
  "providers": [
    {
      "delegations": 126,
      "total_price": 1.830987,
      "total_reward": 388.09333506866085,
      "total_cost": 0.6226987500000001,
      "avg_reward": 3.0801058338782608,
      "user_utility": 386.26234806866086,
      "provider_utility": 0.2927947499999999,
      "total_prompt_tokens": 322659,
      "total_completion_tokens": 57534,
      "total_tokens": 380193,
      "avg_tokens_per_delegation": 3017.404761904762
    },
    {
      "delegations": 188,
      "total_price": 3.081057000000002,
      "total_reward": 841.4013846721058,
      "total_cost": 1.2765870000000004,
      "avg_reward": 4.475539280170776,
      "user_utility": 838.3203276721058,
      "provider_utility": 0.2639415000000007,
      "total_prompt_tokens": 509379,
      "total_completion_tokens": 103528,
      "total_tokens": 612907,
      "avg_tokens_per_delegation": 3260.1436170212764
    },
    {
      "delegations": 126,
      "total_price": 2.493264,
      "total_reward": 700.6027095992549,
      "total_cost": 1.246632,
      "avg_reward": 5.560338965073453,
      "user_utility": 698.109445599255,
      "provider_utility": 0.0,
      "total_prompt_tokens": 364608,
      "total_completion_tokens": 93296,
      "total_tokens": 457904,
      "avg_tokens_per_delegation": 3634.15873015873
    }
  ]
}