{
  "total_time": 1000,
  "total_delegations": 378,
  "best_provider_idx": 1,
  "providers": [
    {
      "delegations": 126,
      "total_price": 1.9239419999999994,
      "total_reward": 132.58103678106414,
      "total_cost": 0.7156512499999995,
      "avg_reward": 1.0522304506433662,
      "user_utility": 130.65709478106413,
      "provider_utility": 0.24631975000000017,
      "total_prompt_tokens": 325929,
      "total_completion_tokens": 63077,
      "total_tokens": 389006,
      "avg_tokens_per_delegation": 3087.3492063492063
    },
    {
      "delegations": 126,
      "total_price": 1.8666659999999995,
      "total_reward": 135.3596257570619,
      "total_cost": 0.6706267500000002,
      "avg_reward": 1.0742827441036662,
      "user_utility": 133.4929597570619,
      "provider_utility": 0.2627062499999996,
      "total_prompt_tokens": 333582,
      "total_completion_tokens": 57728,
      "total_tokens": 391310,
      "avg_tokens_per_delegation": 3105.6349206349205
    },
    {
      "delegations": 126,
      "total_price": 1.2282720000000003,
      "total_reward": 77.56835862745534,
      "total_cost": 0.09186899999999998,
      "avg_reward": 0.615621893868693,
      "user_utility": 76.34008662745534,
      "provider_utility": 0.5222670000000001,
      "total_prompt_tokens": 304554,
      "total_completion_tokens": 20974,
      "total_tokens": 325528,
      "avg_tokens_per_delegation": 2583.5555555555557
    }
  ]
}