{
  "total_time": 1000,
  "total_delegations": 957,
  "best_provider_idx": 1,
  "providers": [
    {
      "delegations": 6,
      "total_price": 0.44648999999999994,
      "total_reward": 13.498362662905512,
      "total_cost": 0.00089298,
      "avg_reward": 2.249727110484252,
      "profit": 13.051872662905511,
      "provider_utility": 0.08840501999999999,
      "total_prompt_tokens": 14394,
      "total_completion_tokens": 3843,
      "total_tokens": 18237,
      "avg_tokens_per_delegation": 3039.5
    },
    {
      "delegations": 945,
      "total_price": 37.82933550000002,
      "total_reward": 4934.791902733181,
      "total_cost": 22.697601300000013,
      "avg_reward": 5.222002013474267,
      "profit": 4896.962567233181,
      "provider_utility": 0.0,
      "total_prompt_tokens": 2295045,
      "total_completion_tokens": 8023815,
      "total_tokens": 10318860,
      "avg_tokens_per_delegation": 10919.42857142857
    },
    {
      "delegations": 6,
      "total_price": 0.5846100000000001,
      "total_reward": 18.11349194283977,
      "total_cost": 0.152281,
      "avg_reward": 3.018915323806628,
      "profit": 17.528881942839767,
      "provider_utility": 0.08156300000000005,
      "total_prompt_tokens": 14349,
      "total_completion_tokens": 2569,
      "total_tokens": 16918,
      "avg_tokens_per_delegation": 2819.6666666666665
    }
  ]
}