{
  "total_time": 1000000,
  "total_delegations": 52560,
  "best_provider_idx": 0,
  "R": 903681,
  "delta1": 11.195840192374956,
  "delta2": 0.0,
  "delta3": null,
  "M": 0.23637291771156435,
  "providers": [
    {
      "delegations": 20717,
      "delta": 2.2041470991491363,
      "total_output_tokens": 208343331.0,
      "total_reported_output_tokens": 446848427.0,
      "total_reported_price": 4468.484270000001,
      "total_costs": 597.456722826,
      "total_rewards": 12979.491964137927,
      "total_user_utility": 8511.007694137927,
      "total_provider_utility": 3424.179120174
    },
    {
      "delegations": 14699,
      "delta": 1.6922599731666397,
      "total_output_tokens": 122737004.0,
      "total_reported_output_tokens": 122737004.0,
      "total_reported_price": 540.0428176,
      "total_costs": 486.03853584,
      "total_rewards": 11429.039477962047,
      "total_user_utility": 10888.996660362049,
      "total_provider_utility": 0.0
    },
    {
      "delegations": 17144,
      "delta": 2.306388056584298,
      "total_output_tokens": 157845038.0,
      "total_reported_output_tokens": 516384530.0,
      "total_reported_price": 2272.0919320000003,
      "total_costs": 341.797024062,
      "total_rewards": 9432.093279885605,
      "total_user_utility": 7160.001347885603,
      "total_provider_utility": 1703.0857147380002
    }
  ]
}