{
  "total_time": 1000,
  "total_delegations": 378,
  "best_provider_idx": 0,
  "providers": [
    {
      "delegations": 126,
      "total_price": 1.9063499999999993,
      "total_reward": 139.9116897941466,
      "total_cost": 0.6904687500000001,
      "avg_reward": 1.110410236461481,
      "user_utility": 138.0053397941466,
      "provider_utility": 0.2627062499999996,
      "total_prompt_tokens": 333060,
      "total_completion_tokens": 60478,
      "total_tokens": 393538,
      "avg_tokens_per_delegation": 3123.3174603174602
    },
    {
      "delegations": 126,
      "total_price": 1.8674309999999998,
      "total_reward": 140.7505476012178,
      "total_cost": 0.6707429999999996,
      "avg_reward": 1.1170678381049033,
      "user_utility": 138.88311660121778,
      "provider_utility": 0.2629725000000003,
      "total_prompt_tokens": 334362,
      "total_completion_tokens": 57623,
      "total_tokens": 391985,
      "avg_tokens_per_delegation": 3110.9920634920636
    },
    {
      "delegations": 126,
      "total_price": 2.4657960000000014,
      "total_reward": 196.84545556295691,
      "total_cost": 1.2328980000000007,
      "avg_reward": 1.562265520340928,
      "user_utility": 194.3796595629569,
      "provider_utility": 0.0,
      "total_prompt_tokens": 362502,
      "total_completion_tokens": 91886,
      "total_tokens": 454388,
      "avg_tokens_per_delegation": 3606.253968253968
    }
  ]
}