{
  "total_time": 1000,
  "total_delegations": 383,
  "best_provider_idx": 0,
  "providers": [
    {
      "delegations": 131,
      "total_price": 1.9502999999999993,
      "total_reward": 471.4112314606519,
      "total_cost": 0.6937942500000001,
      "avg_reward": 3.5985590187836025,
      "user_utility": 469.46093146065186,
      "provider_utility": 0.28135574999999957,
      "total_prompt_tokens": 344340,
      "total_completion_tokens": 61152,
      "total_tokens": 405492,
      "avg_tokens_per_delegation": 3095.358778625954
    },
    {
      "delegations": 126,
      "total_price": 1.2323969999999997,
      "total_reward": 262.47958987931327,
      "total_cost": 0.09238725,
      "avg_reward": 2.083171348248518,
      "user_utility": 261.2471928793133,
      "provider_utility": 0.5238112499999998,
      "total_prompt_tokens": 307674,
      "total_completion_tokens": 20625,
      "total_tokens": 328299,
      "avg_tokens_per_delegation": 2605.5476190476193
    },
    {
      "delegations": 126,
      "total_price": 1.8445679999999998,
      "total_reward": 471.5421223672196,
      "total_cost": 0.6612285,
      "avg_reward": 3.7423977965652346,
      "user_utility": 469.6975543672196,
      "provider_utility": 0.2610554999999999,
      "total_prompt_tokens": 334776,
      "total_completion_tokens": 56016,
      "total_tokens": 390792,
      "avg_tokens_per_delegation": 3101.5238095238096
    }
  ]
}