{
  "total_time": 1000000,
  "total_delegations": 952325,
  "best_provider_idx": 0,
  "R": 903615,
  "delta1": 11.195840192374956,
  "delta2": 0.0,
  "delta3": null,
  "M": 0.23637291771156435,
  "providers": [
    {
      "delegations": 920417,
      "delta": 2.220545293385322,
      "total_output_tokens": 6163892830.0,
      "total_reported_output_tokens": 6512791922.0,
      "total_reported_price": 65127.91922000004,
      "total_costs": 54497.70555474599,
      "total_rewards": 906560.1200039274,
      "total_user_utility": 841432.2007839278,
      "total_provider_utility": 4117.421743254001
    },
    {
      "delegations": 14763,
      "delta": 1.7083433098096412,
      "total_output_tokens": 149850881.0,
      "total_reported_output_tokens": 443134165.0,
      "total_reported_price": 1949.7903259999998,
      "total_costs": 360.580983552,
      "total_rewards": 8849.369516871997,
      "total_user_utility": 6899.5791908719975,
      "total_provider_utility": 1394.2303098480002
    },
    {
      "delegations": 17145,
      "delta": 2.3068339419422337,
      "total_output_tokens": 66396185.0,
      "total_reported_output_tokens": 66396185.0,
      "total_reported_price": 292.143214,
      "total_costs": 262.92889260000004,
      "total_rewards": 10128.35380007062,
      "total_user_utility": 9836.210586070622,
      "total_provider_utility": 0.0
    }
  ]
}