{
  "total_time": 1000000,
  "total_delegations": 952300,
  "best_provider_idx": 0,
  "R": 903558,
  "delta1": 11.195840192374956,
  "delta2": 0.0,
  "delta3": null,
  "M": 0.23637291771156435,
  "providers": [
    {
      "delegations": 920335,
      "delta": 2.2142687503110388,
      "total_output_tokens": 6105787155.0,
      "total_reported_output_tokens": 6105787155.0,
      "total_reported_price": 61057.87155000002,
      "total_costs": 54952.084395000005,
      "total_rewards": 912295.8686360389,
      "total_user_utility": 851237.9970860389,
      "total_provider_utility": 0.0
    },
    {
      "delegations": 14723,
      "delta": 1.6985623656107665,
      "total_output_tokens": 149528327.0,
      "total_reported_output_tokens": 441988448.0,
      "total_reported_price": 1944.7491711999999,
      "total_costs": 360.69429298499995,
      "total_rewards": 8854.96230773706,
      "total_user_utility": 6910.213136537058,
      "total_provider_utility": 1389.5799610950003
    },
    {
      "delegations": 17242,
      "delta": 2.330952642252981,
      "total_output_tokens": 159110055.0,
      "total_reported_output_tokens": 519988927.0,
      "total_reported_price": 2287.9512788,
      "total_costs": 344.041176726,
      "total_rewards": 9454.75849434498,
      "total_user_utility": 7166.807215544981,
      "total_provider_utility": 1715.1149741940003
    }
  ]
}