{
  "total_time": 1000000,
  "total_delegations": 43433,
  "best_provider_idx": 0,
  "R": 916742,
  "delta1": 11.195840192374956,
  "delta2": 0.0,
  "delta3": null,
  "M": 0.23637291771156435,
  "providers": [
    {
      "delegations": 20742,
      "delta": 2.2103385063852494,
      "total_output_tokens": 175406457.0,
      "total_reported_output_tokens": 664333711.0,
      "total_reported_price": 6643.337110000001,
      "total_costs": 907.0868017980001,
      "total_rewards": 16616.838305468882,
      "total_user_utility": 9973.501195468882,
      "total_provider_utility": 5071.916597202
    },
    {
      "delegations": 14729,
      "delta": 1.699984784111711,
      "total_output_tokens": 150232199.0,
      "total_reported_output_tokens": 442377213.0,
      "total_reported_price": 1946.4597371999998,
      "total_costs": 362.40069411,
      "total_rewards": 8950.456233749017,
      "total_user_utility": 7003.996496549017,
      "total_provider_utility": 1389.4130693700001
    },
    {
      "delegations": 7962,
      "delta": -0.9821811839205488,
      "total_output_tokens": 86298309.0,
      "total_reported_output_tokens": 303017796.0,
      "total_reported_price": 1333.2783024,
      "total_costs": 170.093967039,
      "total_rewards": 4240.175420374514,
      "total_user_utility": 2906.8971179745135,
      "total_provider_utility": 1029.856505121
    }
  ]
}