{
  "total_time": 1000,
  "total_delegations": 378,
  "best_provider_idx": 2,
  "providers": [
    {
      "delegations": 126,
      "total_price": 1.9327890000000003,
      "total_reward": 221.96611793702846,
      "total_cost": 0.7231944999999996,
      "avg_reward": 1.7616358566430828,
      "user_utility": 220.03332893702844,
      "provider_utility": 0.24320000000000053,
      "total_prompt_tokens": 326433,
      "total_completion_tokens": 63566,
      "total_tokens": 389999,
      "avg_tokens_per_delegation": 3095.2301587301586
    },
    {
      "delegations": 126,
      "total_price": 1.829406,
      "total_reward": 207.84648093516861,
      "total_cost": 0.6301199999999999,
      "avg_reward": 1.6495752455172115,
      "user_utility": 206.0170749351686,
      "provider_utility": 0.28458300000000014,
      "total_prompt_tokens": 322542,
      "total_completion_tokens": 57452,
      "total_tokens": 379994,
      "avg_tokens_per_delegation": 3015.8253968253966
    },
    {
      "delegations": 126,
      "total_price": 1.8481229999999997,
      "total_reward": 223.2873580390469,
      "total_cost": 0.6613552500000004,
      "avg_reward": 1.7721218891987842,
      "user_utility": 221.4392350390469,
      "provider_utility": 0.2627062499999995,
      "total_prompt_tokens": 334266,
      "total_completion_tokens": 56355,
      "total_tokens": 390621,
      "avg_tokens_per_delegation": 3100.1666666666665
    }
  ]
}