{
  "total_time": 1000,
  "total_delegations": 438,
  "best_provider_idx": 2,
  "providers": [
    {
      "delegations": 126,
      "total_price": 1.9473059999999998,
      "total_reward": 477.6988128085223,
      "total_cost": 0.7345624999999997,
      "avg_reward": 3.7912604191152557,
      "user_utility": 475.75150680852227,
      "provider_utility": 0.2390905000000002,
      "total_prompt_tokens": 326487,
      "total_completion_tokens": 64523,
      "total_tokens": 391010,
      "avg_tokens_per_delegation": 3103.253968253968
    },
    {
      "delegations": 126,
      "total_price": 1.8413939999999995,
      "total_reward": 418.51182457040045,
      "total_cost": 0.6232802499999996,
      "avg_reward": 3.321522417225398,
      "user_utility": 416.67043057040047,
      "provider_utility": 0.2974167500000001,
      "total_prompt_tokens": 324858,
      "total_completion_tokens": 57788,
      "total_tokens": 382646,
      "avg_tokens_per_delegation": 3036.873015873016
    },
    {
      "delegations": 186,
      "total_price": 3.0167940000000026,
      "total_reward": 831.7414319715533,
      "total_cost": 1.2454552500000007,
      "avg_reward": 4.4717281288793185,
      "user_utility": 828.7246379715533,
      "provider_utility": 0.26294175000000064,
      "total_prompt_tokens": 503613,
      "total_completion_tokens": 100397,
      "total_tokens": 604010,
      "avg_tokens_per_delegation": 3247.3655913978496
    }
  ]
}