{
  "total_time": 1000,
  "total_delegations": 378,
  "best_provider_idx": 2,
  "providers": [
    {
      "delegations": 126,
      "total_price": 1.9327890000000003,
      "total_reward": 133.17967076221703,
      "total_cost": 0.7231944999999996,
      "avg_reward": 1.0569815139858496,
      "user_utility": 131.24688176221701,
      "provider_utility": 0.24320000000000053,
      "total_prompt_tokens": 326433,
      "total_completion_tokens": 63566,
      "total_tokens": 389999,
      "avg_tokens_per_delegation": 3095.2301587301586
    },
    {
      "delegations": 126,
      "total_price": 1.829406,
      "total_reward": 124.70788856110124,
      "total_cost": 0.6301199999999999,
      "avg_reward": 0.989745147310327,
      "user_utility": 122.87848256110124,
      "provider_utility": 0.28458300000000014,
      "total_prompt_tokens": 322542,
      "total_completion_tokens": 57452,
      "total_tokens": 379994,
      "avg_tokens_per_delegation": 3015.8253968253966
    },
    {
      "delegations": 126,
      "total_price": 1.8481229999999997,
      "total_reward": 133.9724148234281,
      "total_cost": 0.6613552500000004,
      "avg_reward": 1.0632731335192707,
      "user_utility": 132.1242918234281,
      "provider_utility": 0.2627062499999995,
      "total_prompt_tokens": 334266,
      "total_completion_tokens": 56355,
      "total_tokens": 390621,
      "avg_tokens_per_delegation": 3100.1666666666665
    }
  ]
}