{
  "total_time": 1000,
  "total_delegations": 378,
  "best_provider_idx": 0,
  "providers": [
    {
      "delegations": 126,
      "total_price": 1.9063499999999993,
      "total_reward": 233.18614965691103,
      "total_cost": 0.6904687500000001,
      "avg_reward": 1.8506837274358017,
      "user_utility": 231.27979965691102,
      "provider_utility": 0.2627062499999996,
      "total_prompt_tokens": 333060,
      "total_completion_tokens": 60478,
      "total_tokens": 393538,
      "avg_tokens_per_delegation": 3123.3174603174602
    },
    {
      "delegations": 126,
      "total_price": 1.231977,
      "total_reward": 131.59475578790457,
      "total_cost": 0.09234075,
      "avg_reward": 1.044402823713528,
      "user_utility": 130.36277878790457,
      "provider_utility": 0.5236477500000001,
      "total_prompt_tokens": 307419,
      "total_completion_tokens": 20648,
      "total_tokens": 328067,
      "avg_tokens_per_delegation": 2603.7063492063494
    },
    {
      "delegations": 126,
      "total_price": 1.7694450000000006,
      "total_reward": 219.5690578880537,
      "total_cost": 0.6167615,
      "avg_reward": 1.7426115705401093,
      "user_utility": 217.7996128880537,
      "provider_utility": 0.26796100000000034,
      "total_prompt_tokens": 322680,
      "total_completion_tokens": 53427,
      "total_tokens": 376107,
      "avg_tokens_per_delegation": 2984.9761904761904
    }
  ]
}