{
  "total_time": 1000,
  "total_delegations": 485,
  "best_provider_idx": 0,
  "providers": [
    {
      "delegations": 233,
      "total_price": 4.6335120000000005,
      "total_reward": 1287.9061886392788,
      "total_cost": 2.3167560000000003,
      "avg_reward": 5.527494371842398,
      "user_utility": 1283.2726766392786,
      "provider_utility": 0.0,
      "total_prompt_tokens": 664389,
      "total_completion_tokens": 176023,
      "total_tokens": 840412,
      "avg_tokens_per_delegation": 3606.9184549356223
    },
    {
      "delegations": 126,
      "total_price": 2.513783999999999,
      "total_reward": 683.7793708302228,
      "total_cost": 1.2568919999999995,
      "avg_reward": 5.426820403414464,
      "user_utility": 681.2655868302228,
      "provider_utility": 0.0,
      "total_prompt_tokens": 363348,
      "total_completion_tokens": 94916,
      "total_tokens": 458264,
      "avg_tokens_per_delegation": 3637.0158730158732
    },
    {
      "delegations": 126,
      "total_price": 1.8285479999999998,
      "total_reward": 482.58028382642686,
      "total_cost": 0.6604125000000001,
      "avg_reward": 3.830002252590687,
      "user_utility": 480.75173582642685,
      "provider_utility": 0.25386149999999985,
      "total_prompt_tokens": 334626,
      "total_completion_tokens": 54978,
      "total_tokens": 389604,
      "avg_tokens_per_delegation": 3092.095238095238
    }
  ]
}