{
  "total_time": 1000,
  "total_delegations": 953,
  "best_provider_idx": 1,
  "providers": [
    {
      "delegations": 6,
      "total_price": 3.62577,
      "total_reward": 16.90818250377074,
      "total_cost": 0.6694817200000001,
      "avg_reward": 2.818030417295123,
      "profit": 13.28241250377074,
      "provider_utility": 0.05567228000000002,
      "total_prompt_tokens": 14338,
      "total_completion_tokens": 56845,
      "total_tokens": 71183,
      "avg_tokens_per_delegation": 11863.833333333334
    },
    {
      "delegations": 941,
      "total_price": 37.656030500000035,
      "total_reward": 4920.253441194719,
      "total_cost": 22.593618300000006,
      "avg_reward": 5.228749671832859,
      "profit": 4882.597410694719,
      "provider_utility": 1.4210854715202004e-14,
      "total_prompt_tokens": 2285383,
      "total_completion_tokens": 7986843,
      "total_tokens": 10272226,
      "avg_tokens_per_delegation": 10916.28692879915
    },
    {
      "delegations": 6,
      "total_price": 0.50337,
      "total_reward": 16.877033492822967,
      "total_cost": 0.20134800000000003,
      "avg_reward": 2.8128389154704947,
      "profit": 16.373663492822967,
      "provider_utility": -2.7755575615628914e-17,
      "total_prompt_tokens": 14019,
      "total_completion_tokens": 1380,
      "total_tokens": 15399,
      "avg_tokens_per_delegation": 2566.5
    }
  ]
}