{
  "total_time": 1000,
  "total_delegations": 378,
  "best_provider_idx": 2,
  "providers": [
    {
      "delegations": 126,
      "total_price": 1.2568920000000006,
      "total_reward": 257.3182989634678,
      "total_cost": 0.09350549999999996,
      "avg_reward": 2.042208721932284,
      "user_utility": 256.0614069634678,
      "provider_utility": 0.5349405000000003,
      "total_prompt_tokens": 306609,
      "total_completion_tokens": 22471,
      "total_tokens": 329080,
      "avg_tokens_per_delegation": 2611.746031746032
    },
    {
      "delegations": 126,
      "total_price": 2.0362649999999998,
      "total_reward": 484.6281957648419,
      "total_cost": 0.81616025,
      "avg_reward": 3.8462555219431893,
      "user_utility": 482.5919307648419,
      "provider_utility": 0.20197224999999985,
      "total_prompt_tokens": 333675,
      "total_completion_tokens": 69016,
      "total_tokens": 402691,
      "avg_tokens_per_delegation": 3195.9603174603176
    },
    {
      "delegations": 126,
      "total_price": 1.8481229999999997,
      "total_reward": 446.5747160780938,
      "total_cost": 0.6613552500000004,
      "avg_reward": 3.5442437783975684,
      "user_utility": 444.7265930780938,
      "provider_utility": 0.2627062499999995,
      "total_prompt_tokens": 334266,
      "total_completion_tokens": 56355,
      "total_tokens": 390621,
      "avg_tokens_per_delegation": 3100.1666666666665
    }
  ]
}