{
  "total_time": 1000,
  "total_delegations": 1000,
  "best_provider_idx": 0,
  "providers": [
    {
      "delegations": 567,
      "total_price": 3.1782354999999987,
      "total_reward": 23.67154647973552,
      "total_cost": 0.20499442000000007,
      "avg_reward": 0.041748759223519456,
      "profit": 20.493310979735522,
      "provider_utility": 1.0662997799999996,
      "total_prompt_tokens": 1375965,
      "total_completion_tokens": 378335,
      "total_tokens": 1754300,
      "avg_tokens_per_delegation": 3094.0035273368608
    },
    {
      "delegations": 307,
      "total_price": 87.50558999999997,
      "total_reward": 12.898803174438791,
      "total_cost": 45.83401074000002,
      "avg_reward": 0.04201564551934466,
      "profit": -74.60678682556117,
      "provider_utility": 6.6693432599999625,
      "total_prompt_tokens": 763462,
      "total_completion_tokens": 1267561,
      "total_tokens": 2031023,
      "avg_tokens_per_delegation": 6615.71009771987
    },
    {
      "delegations": 126,
      "total_price": 12.06132,
      "total_reward": 4.570497052667908,
      "total_cost": 1.0982322300000005,
      "avg_reward": 0.03627378613228499,
      "profit": -7.490822947332092,
      "provider_utility": 1.31403177,
      "total_prompt_tokens": 304554,
      "total_completion_tokens": 48745,
      "total_tokens": 353299,
      "avg_tokens_per_delegation": 2803.9603174603176
    }
  ]
}