{
  "total_time": 1000,
  "total_delegations": 378,
  "best_provider_idx": 0,
  "providers": [
    {
      "delegations": 126,
      "total_price": 1.875837,
      "total_reward": 135.12617199306447,
      "total_cost": 0.6712905000000002,
      "avg_reward": 1.0724299364528929,
      "user_utility": 133.25033499306448,
      "provider_utility": 0.26662799999999975,
      "total_prompt_tokens": 324429,
      "total_completion_tokens": 60170,
      "total_tokens": 384599,
      "avg_tokens_per_delegation": 3052.373015873016
    },
    {
      "delegations": 126,
      "total_price": 1.231977,
      "total_reward": 78.95685347274272,
      "total_cost": 0.09234075,
      "avg_reward": 0.6266416942281171,
      "user_utility": 77.72487647274272,
      "provider_utility": 0.5236477500000001,
      "total_prompt_tokens": 307419,
      "total_completion_tokens": 20648,
      "total_tokens": 328067,
      "avg_tokens_per_delegation": 2603.7063492063494
    },
    {
      "delegations": 126,
      "total_price": 1.2282720000000003,
      "total_reward": 77.56835862745534,
      "total_cost": 0.09186899999999998,
      "avg_reward": 0.615621893868693,
      "user_utility": 76.34008662745534,
      "provider_utility": 0.5222670000000001,
      "total_prompt_tokens": 304554,
      "total_completion_tokens": 20974,
      "total_tokens": 325528,
      "avg_tokens_per_delegation": 2583.5555555555557
    }
  ]
}