{
  "total_time": 1000,
  "total_delegations": 1000,
  "best_provider_idx": 0,
  "providers": [
    {
      "delegations": 378,
      "total_price": 12.485192499999993,
      "total_reward": 21.04930047099122,
      "total_cost": 3.3173678599999996,
      "avg_reward": 0.055685980081987316,
      "profit": 8.564107970991227,
      "provider_utility": 1.6767091399999976,
      "total_prompt_tokens": 918919,
      "total_completion_tokens": 2607814,
      "total_tokens": 3526733,
      "avg_tokens_per_delegation": 9329.981481481482
    },
    {
      "delegations": 496,
      "total_price": 23.28783000000003,
      "total_reward": 10.005488316593082,
      "total_cost": 0.4397624999999997,
      "avg_reward": 0.020172355477002194,
      "profit": -13.28234168340695,
      "provider_utility": 13.532935500000018,
      "total_prompt_tokens": 1205934,
      "total_completion_tokens": 86647,
      "total_tokens": 1292581,
      "avg_tokens_per_delegation": 2606.0100806451615
    },
    {
      "delegations": 126,
      "total_price": 13.098959999999993,
      "total_reward": 4.01759688614826,
      "total_cost": 0.017061299999999998,
      "avg_reward": 0.03188568957260524,
      "profit": -9.081363113851733,
      "provider_utility": 2.6027306999999986,
      "total_prompt_tokens": 304554,
      "total_completion_tokens": 66039,
      "total_tokens": 370593,
      "avg_tokens_per_delegation": 2941.214285714286
    }
  ]
}