{
  "total_time": 1000,
  "total_delegations": 378,
  "best_provider_idx": 0,
  "providers": [
    {
      "delegations": 126,
      "total_price": 1.8530669999999996,
      "total_reward": 461.6369763435495,
      "total_cost": 0.6703095000000002,
      "avg_reward": 3.663785526536107,
      "user_utility": 459.7839093435495,
      "provider_utility": 0.25622399999999956,
      "total_prompt_tokens": 325719,
      "total_completion_tokens": 58394,
      "total_tokens": 384113,
      "avg_tokens_per_delegation": 3048.5158730158732
    },
    {
      "delegations": 126,
      "total_price": 1.231977,
      "total_reward": 263.18951157580915,
      "total_cost": 0.09234075,
      "avg_reward": 2.088805647427056,
      "user_utility": 261.9575345758092,
      "provider_utility": 0.5236477500000001,
      "total_prompt_tokens": 307419,
      "total_completion_tokens": 20648,
      "total_tokens": 328067,
      "avg_tokens_per_delegation": 2603.7063492063494
    },
    {
      "delegations": 126,
      "total_price": 1.2282720000000003,
      "total_reward": 258.561195424851,
      "total_cost": 0.09186899999999998,
      "avg_reward": 2.0520729795623094,
      "user_utility": 257.332923424851,
      "provider_utility": 0.5222670000000001,
      "total_prompt_tokens": 304554,
      "total_completion_tokens": 20974,
      "total_tokens": 325528,
      "avg_tokens_per_delegation": 2583.5555555555557
    }
  ]
}