{
  "total_time": 1000,
  "total_delegations": 1000,
  "best_provider_idx": 0,
  "providers": [
    {
      "delegations": 630,
      "total_price": 3.5340668000000006,
      "total_reward": 26.33298670093745,
      "total_cost": 0.22813856,
      "avg_reward": 0.04179839158878961,
      "profit": 22.79891990093745,
      "provider_utility": 1.1854881600000002,
      "total_prompt_tokens": 1527660,
      "total_completion_tokens": 421282,
      "total_tokens": 1948942,
      "avg_tokens_per_delegation": 3093.55873015873
    },
    {
      "delegations": 244,
      "total_price": 64.58487,
      "total_reward": 9.689491982238067,
      "total_cost": 33.02987610000001,
      "avg_reward": 0.039711032714090475,
      "profit": -54.89537801776193,
      "provider_utility": 5.721045899999986,
      "total_prompt_tokens": 610486,
      "total_completion_tokens": 923793,
      "total_tokens": 1534279,
      "avg_tokens_per_delegation": 6288.0286885245905
    },
    {
      "delegations": 126,
      "total_price": 12.06132,
      "total_reward": 4.570497052667908,
      "total_cost": 1.0982322300000005,
      "avg_reward": 0.03627378613228499,
      "profit": -7.490822947332092,
      "provider_utility": 1.31403177,
      "total_prompt_tokens": 304554,
      "total_completion_tokens": 48745,
      "total_tokens": 353299,
      "avg_tokens_per_delegation": 2803.9603174603176
    }
  ]
}