{
  "total_time": 1000,
  "total_delegations": 378,
  "best_provider_idx": 2,
  "providers": [
    {
      "delegations": 126,
      "total_price": 1.2568920000000006,
      "total_reward": 77.19548968904033,
      "total_cost": 0.09350549999999996,
      "avg_reward": 0.6126626165796853,
      "user_utility": 75.93859768904034,
      "provider_utility": 0.5349405000000003,
      "total_prompt_tokens": 306609,
      "total_completion_tokens": 22471,
      "total_tokens": 329080,
      "avg_tokens_per_delegation": 2611.746031746032
    },
    {
      "delegations": 126,
      "total_price": 1.8907919999999994,
      "total_reward": 124.212186289408,
      "total_cost": 0.6979429999999999,
      "avg_reward": 0.9858110022968889,
      "user_utility": 122.32139428940799,
      "provider_utility": 0.2474529999999998,
      "total_prompt_tokens": 326469,
      "total_completion_tokens": 60759,
      "total_tokens": 387228,
      "avg_tokens_per_delegation": 3073.2380952380954
    },
    {
      "delegations": 126,
      "total_price": 1.8481229999999997,
      "total_reward": 133.9724148234281,
      "total_cost": 0.6613552500000004,
      "avg_reward": 1.0632731335192707,
      "user_utility": 132.1242918234281,
      "provider_utility": 0.2627062499999995,
      "total_prompt_tokens": 334266,
      "total_completion_tokens": 56355,
      "total_tokens": 390621,
      "avg_tokens_per_delegation": 3100.1666666666665
    }
  ]
}