{
  "total_time": 1000,
  "total_delegations": 378,
  "best_provider_idx": 2,
  "providers": [
    {
      "delegations": 126,
      "total_price": 1.2568920000000006,
      "total_reward": 128.6591494817339,
      "total_cost": 0.09350549999999996,
      "avg_reward": 1.021104360966142,
      "user_utility": 127.4022574817339,
      "provider_utility": 0.5349405000000003,
      "total_prompt_tokens": 306609,
      "total_completion_tokens": 22471,
      "total_tokens": 329080,
      "avg_tokens_per_delegation": 2611.746031746032
    },
    {
      "delegations": 126,
      "total_price": 1.8907919999999994,
      "total_reward": 207.02031048234664,
      "total_cost": 0.6979429999999999,
      "avg_reward": 1.643018337161481,
      "user_utility": 205.12951848234664,
      "provider_utility": 0.2474529999999998,
      "total_prompt_tokens": 326469,
      "total_completion_tokens": 60759,
      "total_tokens": 387228,
      "avg_tokens_per_delegation": 3073.2380952380954
    },
    {
      "delegations": 126,
      "total_price": 1.8481229999999997,
      "total_reward": 223.2873580390469,
      "total_cost": 0.6613552500000004,
      "avg_reward": 1.7721218891987842,
      "user_utility": 221.4392350390469,
      "provider_utility": 0.2627062499999995,
      "total_prompt_tokens": 334266,
      "total_completion_tokens": 56355,
      "total_tokens": 390621,
      "avg_tokens_per_delegation": 3100.1666666666665
    }
  ]
}