{
  "total_time": 1000,
  "total_delegations": 951,
  "best_provider_idx": 0,
  "providers": [
    {
      "delegations": 939,
      "total_price": 635.3991899999999,
      "total_reward": 4069.172964003362,
      "total_cost": 127.07983799999984,
      "avg_reward": 4.333517533549907,
      "profit": 3433.7737740033617,
      "provider_utility": 1.4210854715202004e-13,
      "total_prompt_tokens": 2280042,
      "total_completion_tokens": 10019976,
      "total_tokens": 12300018,
      "avg_tokens_per_delegation": 13099.0607028754
    },
    {
      "delegations": 6,
      "total_price": 0.17803829999999998,
      "total_reward": 23.40833333333333,
      "total_cost": 0.069205794,
      "avg_reward": 3.9013888888888886,
      "profit": 23.23029503333333,
      "provider_utility": 0.03761718599999998,
      "total_prompt_tokens": 14485,
      "total_completion_tokens": 36842,
      "total_tokens": 51327,
      "avg_tokens_per_delegation": 8554.5
    },
    {
      "delegations": 6,
      "total_price": 0.52344,
      "total_reward": 19.97005674863692,
      "total_cost": 0.20937600000000003,
      "avg_reward": 3.328342791439487,
      "profit": 19.44661674863692,
      "provider_utility": -2.7755575615628914e-17,
      "total_prompt_tokens": 14304,
      "total_completion_tokens": 1572,
      "total_tokens": 15876,
      "avg_tokens_per_delegation": 2646.0
    }
  ]
}