{
  "total_time": 1000,
  "total_delegations": 963,
  "best_provider_idx": 1,
  "providers": [
    {
      "delegations": 6,
      "total_price": 3.407025,
      "total_reward": 18.170959684658314,
      "total_cost": 0.57014044,
      "avg_reward": 3.028493280776386,
      "profit": 14.763934684658313,
      "provider_utility": 0.11126456000000007,
      "total_prompt_tokens": 14431,
      "total_completion_tokens": 53176,
      "total_tokens": 67607,
      "avg_tokens_per_delegation": 11267.833333333334
    },
    {
      "delegations": 951,
      "total_price": 38.056222600000034,
      "total_reward": 4962.253441194719,
      "total_cost": 22.833733560000013,
      "avg_reward": 5.217932114820946,
      "profit": 4924.197218594719,
      "provider_utility": 7.105427357601002e-15,
      "total_prompt_tokens": 2309958,
      "total_completion_tokens": 8071652,
      "total_tokens": 10381610,
      "avg_tokens_per_delegation": 10916.519453207151
    },
    {
      "delegations": 6,
      "total_price": 0.5057699999999999,
      "total_reward": 9.597574553880412,
      "total_cost": 0.0036138,
      "avg_reward": 1.5995957589800687,
      "profit": 9.091804553880412,
      "provider_utility": 0.1986942,
      "total_prompt_tokens": 14439,
      "total_completion_tokens": 1210,
      "total_tokens": 15649,
      "avg_tokens_per_delegation": 2608.1666666666665
    }
  ]
}