{
  "total_time": 1000000,
  "total_delegations": 956117,
  "best_provider_idx": 0,
  "R": 914314,
  "delta1": 11.195840192374956,
  "delta2": 0.0,
  "delta3": null,
  "M": 0.23637291771156435,
  "providers": [
    {
      "delegations": 931033,
      "delta": 2.1998527847894915,
      "total_output_tokens": 6225309893.0,
      "total_reported_output_tokens": 35308425554.0,
      "total_reported_price": 353084.2555399999,
      "total_costs": 55056.628081422,
      "total_rewards": 916888.192514493,
      "total_user_utility": 563803.9369744929,
      "total_provider_utility": 262719.20190457813
    },
    {
      "delegations": 7962,
      "delta": -0.9731727026423354,
      "total_output_tokens": 86320027.0,
      "total_reported_output_tokens": 303017796.0,
      "total_reported_price": 1333.2783024,
      "total_costs": 170.13677321699998,
      "total_rewards": 4276.917482338537,
      "total_user_utility": 2943.639179938538,
      "total_provider_utility": 1029.813698943
    },
    {
      "delegations": 17122,
      "delta": 2.3008710414764693,
      "total_output_tokens": 157528631.0,
      "total_reported_output_tokens": 515415554.0,
      "total_reported_price": 2267.8284376,
      "total_costs": 340.91143456500004,
      "total_rewards": 9371.232846492594,
      "total_user_utility": 7103.404408892593,
      "total_provider_utility": 1700.1341592750005
    }
  ]
}