{
  "total_time": 1000,
  "total_delegations": 383,
  "best_provider_idx": 2,
  "providers": [
    {
      "delegations": 126,
      "total_price": 1.8297149999999995,
      "total_reward": 388.4174233134819,
      "total_cost": 0.6298894999999997,
      "avg_reward": 3.082677962805412,
      "user_utility": 386.58770831348187,
      "provider_utility": 0.2849680000000001,
      "total_prompt_tokens": 321975,
      "total_completion_tokens": 57586,
      "total_tokens": 379561,
      "avg_tokens_per_delegation": 3012.3888888888887
    },
    {
      "delegations": 126,
      "total_price": 1.227657,
      "total_reward": 270.18717838441535,
      "total_cost": 0.09209775000000003,
      "avg_reward": 2.144342685590598,
      "user_utility": 268.9595213844153,
      "provider_utility": 0.5217307499999999,
      "total_prompt_tokens": 307149,
      "total_completion_tokens": 20414,
      "total_tokens": 327563,
      "avg_tokens_per_delegation": 2599.7063492063494
    },
    {
      "delegations": 131,
      "total_price": 1.9177379999999997,
      "total_reward": 450.13485259526595,
      "total_cost": 0.6890772500000004,
      "avg_reward": 3.43614391294096,
      "user_utility": 448.21711459526597,
      "provider_utility": 0.26979174999999944,
      "total_prompt_tokens": 345546,
      "total_completion_tokens": 58740,
      "total_tokens": 404286,
      "avg_tokens_per_delegation": 3086.1526717557254
    }
  ]
}