{
  "total_time": 1000,
  "total_delegations": 1000,
  "best_provider_idx": 0,
  "providers": [
    {
      "delegations": 441,
      "total_price": 13.827445499999984,
      "total_reward": 25.007269649638847,
      "total_cost": 3.7485925400000033,
      "avg_reward": 0.056705826869929254,
      "profit": 11.179824149638863,
      "provider_utility": 1.7823856599999903,
      "total_prompt_tokens": 1071269,
      "total_completion_tokens": 2874784,
      "total_tokens": 3946053,
      "avg_tokens_per_delegation": 8947.965986394558
    },
    {
      "delegations": 433,
      "total_price": 20.248800000000013,
      "total_reward": 8.63086222097126,
      "total_cost": 0.3827393999999996,
      "avg_reward": 0.019932707207785817,
      "profit": -11.617937779028754,
      "provider_utility": 11.766540600000008,
      "total_prompt_tokens": 1053432,
      "total_completion_tokens": 74122,
      "total_tokens": 1127554,
      "avg_tokens_per_delegation": 2604.0508083140876
    },
    {
      "delegations": 126,
      "total_price": 12.06132,
      "total_reward": 4.570497052667908,
      "total_cost": 1.0982322300000005,
      "avg_reward": 0.03627378613228499,
      "profit": -7.490822947332092,
      "provider_utility": 1.31403177,
      "total_prompt_tokens": 304554,
      "total_completion_tokens": 48745,
      "total_tokens": 353299,
      "avg_tokens_per_delegation": 2803.9603174603176
    }
  ]
}