{
  "total_time": 1000,
  "total_delegations": 378,
  "best_provider_idx": 1,
  "providers": [
    {
      "delegations": 126,
      "total_price": 1.8913200000000008,
      "total_reward": 134.03854516599188,
      "total_cost": 0.6664739999999999,
      "avg_reward": 1.0637979775078723,
      "user_utility": 132.14722516599187,
      "provider_utility": 0.2791860000000005,
      "total_prompt_tokens": 324285,
      "total_completion_tokens": 61231,
      "total_tokens": 385516,
      "avg_tokens_per_delegation": 3059.6507936507937
    },
    {
      "delegations": 126,
      "total_price": 1.8666659999999995,
      "total_reward": 135.3596257570619,
      "total_cost": 0.6706267500000002,
      "avg_reward": 1.0742827441036662,
      "user_utility": 133.4929597570619,
      "provider_utility": 0.2627062499999996,
      "total_prompt_tokens": 333582,
      "total_completion_tokens": 57728,
      "total_tokens": 391310,
      "avg_tokens_per_delegation": 3105.6349206349205
    },
    {
      "delegations": 126,
      "total_price": 1.2282720000000003,
      "total_reward": 77.56835862745534,
      "total_cost": 0.09186899999999998,
      "avg_reward": 0.615621893868693,
      "user_utility": 76.34008662745534,
      "provider_utility": 0.5222670000000001,
      "total_prompt_tokens": 304554,
      "total_completion_tokens": 20974,
      "total_tokens": 325528,
      "avg_tokens_per_delegation": 2583.5555555555557
    }
  ]
}