{
  "total_time": 1000,
  "total_delegations": 946,
  "best_provider_idx": 2,
  "providers": [
    {
      "delegations": 6,
      "total_price": 2.2095,
      "total_reward": 16.032837445573296,
      "total_cost": 0.39944979,
      "avg_reward": 2.672139574262216,
      "profit": 13.823337445573296,
      "provider_utility": 0.04245020999999993,
      "total_prompt_tokens": 14496,
      "total_completion_tokens": 33201,
      "total_tokens": 47697,
      "avg_tokens_per_delegation": 7949.5
    },
    {
      "delegations": 6,
      "total_price": 0.0325391,
      "total_reward": 18.683474576271184,
      "total_cost": 0.0030450900000000003,
      "avg_reward": 3.1139124293785305,
      "profit": 18.650935476271183,
      "provider_utility": 0.01647837,
      "total_prompt_tokens": 14925,
      "total_completion_tokens": 3664,
      "total_tokens": 18589,
      "avg_tokens_per_delegation": 3098.1666666666665
    },
    {
      "delegations": 934,
      "total_price": 86.66300999999994,
      "total_reward": 2043.6786334759108,
      "total_cost": 12.173888600000002,
      "avg_reward": 2.1880927553275273,
      "profit": 1957.0156234759108,
      "provider_utility": 22.49131539999998,
      "total_prompt_tokens": 2268321,
      "total_completion_tokens": 310223,
      "total_tokens": 2578544,
      "avg_tokens_per_delegation": 2760.7537473233406
    }
  ]
}