{
  "total_time": 1000,
  "total_delegations": 378,
  "best_provider_idx": 2,
  "providers": [
    {
      "delegations": 126,
      "total_price": 1.9022340000000002,
      "total_reward": 126.54058224706031,
      "total_cost": 0.6862402499999998,
      "avg_reward": 1.0042903352941297,
      "user_utility": 124.6383482470603,
      "provider_utility": 0.2648767500000003,
      "total_prompt_tokens": 321918,
      "total_completion_tokens": 62432,
      "total_tokens": 384350,
      "avg_tokens_per_delegation": 3050.3968253968255
    },
    {
      "delegations": 126,
      "total_price": 1.225932,
      "total_reward": 79.72673751199407,
      "total_cost": 0.09197550000000004,
      "avg_reward": 0.6327518850158262,
      "user_utility": 78.50080551199407,
      "provider_utility": 0.5209904999999999,
      "total_prompt_tokens": 306789,
      "total_completion_tokens": 20371,
      "total_tokens": 327160,
      "avg_tokens_per_delegation": 2596.5079365079364
    },
    {
      "delegations": 126,
      "total_price": 1.8481229999999997,
      "total_reward": 133.9724148234281,
      "total_cost": 0.6613552500000004,
      "avg_reward": 1.0632731335192707,
      "user_utility": 132.1242918234281,
      "provider_utility": 0.2627062499999995,
      "total_prompt_tokens": 334266,
      "total_completion_tokens": 56355,
      "total_tokens": 390621,
      "avg_tokens_per_delegation": 3100.1666666666665
    }
  ]
}