{
  "total_time": 1000,
  "total_delegations": 383,
  "best_provider_idx": 2,
  "providers": [
    {
      "delegations": 126,
      "total_price": 1.9335660000000003,
      "total_reward": 474.7764769695068,
      "total_cost": 0.7033092499999999,
      "avg_reward": 3.768067277535769,
      "user_utility": 472.8429109695068,
      "provider_utility": 0.2634737500000003,
      "total_prompt_tokens": 321357,
      "total_completion_tokens": 64633,
      "total_tokens": 385990,
      "avg_tokens_per_delegation": 3063.4126984126983
    },
    {
      "delegations": 126,
      "total_price": 1.227657,
      "total_reward": 270.18717838441535,
      "total_cost": 0.09209775000000003,
      "avg_reward": 2.144342685590598,
      "user_utility": 268.9595213844153,
      "provider_utility": 0.5217307499999999,
      "total_prompt_tokens": 307149,
      "total_completion_tokens": 20414,
      "total_tokens": 327563,
      "avg_tokens_per_delegation": 2599.7063492063494
    },
    {
      "delegations": 131,
      "total_price": 1.8920729999999997,
      "total_reward": 451.6136482249236,
      "total_cost": 0.6646807500000004,
      "avg_reward": 3.4474324291978893,
      "user_utility": 449.72157522492364,
      "provider_utility": 0.28135574999999946,
      "total_prompt_tokens": 345546,
      "total_completion_tokens": 57029,
      "total_tokens": 402575,
      "avg_tokens_per_delegation": 3073.091603053435
    }
  ]
}