{
  "total_time": 1000,
  "total_delegations": 378,
  "best_provider_idx": 1,
  "providers": [
    {
      "delegations": 126,
      "total_price": 1.9184939999999995,
      "total_reward": 438.04421293104906,
      "total_cost": 0.7034495000000001,
      "avg_reward": 3.4765413724686436,
      "user_utility": 436.12571893104905,
      "provider_utility": 0.2557974999999997,
      "total_prompt_tokens": 325098,
      "total_completion_tokens": 62880,
      "total_tokens": 387978,
      "avg_tokens_per_delegation": 3079.190476190476
    },
    {
      "delegations": 126,
      "total_price": 1.8666659999999995,
      "total_reward": 451.19875252353984,
      "total_cost": 0.6706267500000002,
      "avg_reward": 3.5809424803455534,
      "user_utility": 449.33208652353983,
      "provider_utility": 0.2627062499999996,
      "total_prompt_tokens": 333582,
      "total_completion_tokens": 57728,
      "total_tokens": 391310,
      "avg_tokens_per_delegation": 3105.6349206349205
    },
    {
      "delegations": 126,
      "total_price": 1.8428429999999996,
      "total_reward": 467.1107356894512,
      "total_cost": 0.6611062500000002,
      "avg_reward": 3.70722806102739,
      "user_utility": 465.2678926894512,
      "provider_utility": 0.26031524999999955,
      "total_prompt_tokens": 334416,
      "total_completion_tokens": 55973,
      "total_tokens": 390389,
      "avg_tokens_per_delegation": 3098.3253968253966
    }
  ]
}