{
  "total_time": 1000,
  "total_delegations": 378,
  "best_provider_idx": 1,
  "providers": [
    {
      "delegations": 126,
      "total_price": 1.8177599999999996,
      "total_reward": 112.87503480677123,
      "total_cost": 0.6209557499999997,
      "avg_reward": 0.8958336095775495,
      "user_utility": 111.05727480677123,
      "provider_utility": 0.2879242500000001,
      "total_prompt_tokens": 320655,
      "total_completion_tokens": 57053,
      "total_tokens": 377708,
      "avg_tokens_per_delegation": 2997.6825396825398
    },
    {
      "delegations": 126,
      "total_price": 1.8666659999999995,
      "total_reward": 135.3596257570619,
      "total_cost": 0.6706267500000002,
      "avg_reward": 1.0742827441036662,
      "user_utility": 133.4929597570619,
      "provider_utility": 0.2627062499999996,
      "total_prompt_tokens": 333582,
      "total_completion_tokens": 57728,
      "total_tokens": 391310,
      "avg_tokens_per_delegation": 3105.6349206349205
    },
    {
      "delegations": 126,
      "total_price": 1.8428429999999996,
      "total_reward": 140.13322070683532,
      "total_cost": 0.6611062500000002,
      "avg_reward": 1.112168418308217,
      "user_utility": 138.29037770683533,
      "provider_utility": 0.26031524999999955,
      "total_prompt_tokens": 334416,
      "total_completion_tokens": 55973,
      "total_tokens": 390389,
      "avg_tokens_per_delegation": 3098.3253968253966
    }
  ]
}