{
  "total_time": 1000000,
  "total_delegations": 956218,
  "best_provider_idx": 0,
  "R": 914283,
  "delta1": 11.195840192374956,
  "delta2": 0.0,
  "delta3": null,
  "M": 0.23637291771156435,
  "providers": [
    {
      "delegations": 931099,
      "delta": 2.2240445774430144,
      "total_output_tokens": 6225886325.0,
      "total_reported_output_tokens": 6575237883.0,
      "total_reported_price": 65752.37883000002,
      "total_costs": 55055.08225771201,
      "total_rewards": 917118.3872446126,
      "total_user_utility": 851366.0084146129,
      "total_provider_utility": 4122.058689288
    },
    {
      "delegations": 7962,
      "delta": -0.9740726313951669,
      "total_output_tokens": 86166379.0,
      "total_reported_output_tokens": 303017796.0,
      "total_reported_price": 1333.2783024,
      "total_costs": 169.833933009,
      "total_rewards": 4296.3059531069575,
      "total_user_utility": 2963.0276507069575,
      "total_provider_utility": 1030.1165391510003
    },
    {
      "delegations": 17157,
      "delta": 2.3096772543325823,
      "total_output_tokens": 157850970.0,
      "total_reported_output_tokens": 516840509.0,
      "total_reported_price": 2274.0982396,
      "total_costs": 341.7315925589999,
      "total_rewards": 9486.852713981818,
      "total_user_utility": 7212.754474381819,
      "total_provider_utility": 1704.9568230810003
    }
  ]
}