{
  "total_time": 1000,
  "total_delegations": 953,
  "best_provider_idx": 1,
  "providers": [
    {
      "delegations": 6,
      "total_price": 2.192385,
      "total_reward": 16.54800238521169,
      "total_cost": 0.39941556,
      "avg_reward": 2.7580003975352816,
      "profit": 14.355617385211689,
      "provider_utility": 0.03906144,
      "total_prompt_tokens": 14451,
      "total_completion_tokens": 32927,
      "total_tokens": 47378,
      "avg_tokens_per_delegation": 7896.333333333333
    },
    {
      "delegations": 941,
      "total_price": 24.05522130000003,
      "total_reward": 4007.2911647611604,
      "total_cost": 13.317952140000001,
      "avg_reward": 4.258545339809949,
      "profit": 3983.2359434611603,
      "provider_utility": 1.115180640000018,
      "total_prompt_tokens": 2283559,
      "total_completion_tokens": 4896206,
      "total_tokens": 7179765,
      "avg_tokens_per_delegation": 7629.930924548353
    },
    {
      "delegations": 6,
      "total_price": 0.58623,
      "total_reward": 11.493280632411066,
      "total_cost": 0.12328,
      "avg_reward": 1.915546772068511,
      "profit": 10.907050632411066,
      "provider_utility": 0.11121200000000003,
      "total_prompt_tokens": 14379,
      "total_completion_tokens": 2581,
      "total_tokens": 16960,
      "avg_tokens_per_delegation": 2826.6666666666665
    }
  ]
}