{
  "max_flow": {
    "gpt-35-turbo": {
      "model_name": "gpt-35-turbo",
      "task_name": "max_flow",
      "scores": [
        0.21621621621621623,
        0.65625,
        0.25,
        0.11538461538461539,
        0.4418604651162791,
        0.17857142857142858,
        0.19047619047619047,
        0.0625,
        0.08695652173913043,
        0.17391304347826086,
        0.23076923076923078,
        0.13333333333333333,
        0.025,
        0.013333333333333334,
        0.9130434782608695,
        0.1694915254237288,
        0.8529411764705882,
        0.1111111111111111,
        0.0,
        0.01680672268907563,
        0.05263157894736842,
        0.23333333333333334,
        0.25,
        0.325,
        0.015625,
        0.3,
        0.21621621621621623,
        0.03225806451612903,
        0.037037037037037035,
        0.22727272727272727,
        0.08695652173913043,
        0.4,
        0.02857142857142857,
        0.17391304347826086,
        0.2826086956521739,
        0.0,
        0.24,
        0.36538461538461536,
        0.2037037037037037,
        0.4166666666666667,
        0.13725490196078433,
        0.14285714285714285,
        0.2711864406779661,
        0.375,
        0.0,
        0.15384615384615385,
        0.3333333333333333,
        0.09859154929577464,
        0.36585365853658536,
        0.13333333333333333
      ],
      "mean_score": 0.21472787077466507,
      "max_score": 0.9130434782608695,
      "min_score": 0.0,
      "total_prompt_tokens": 145265,
      "total_completion_tokens": 9770
    }
  }
}