{
  "total_time": 1000,
  "total_delegations": 960,
  "best_provider_idx": 1,
  "providers": [
    {
      "delegations": 6,
      "total_price": 4.377555,
      "total_reward": 18.307692307692307,
      "total_cost": 0.875511,
      "avg_reward": 3.051282051282051,
      "profit": 13.930137307692306,
      "provider_utility": 0.0,
      "total_prompt_tokens": 14253,
      "total_completion_tokens": 69396,
      "total_tokens": 83649,
      "avg_tokens_per_delegation": 13941.5
    },
    {
      "delegations": 948,
      "total_price": 37.935940900000034,
      "total_reward": 4955.253441194719,
      "total_cost": 22.761564540000013,
      "avg_reward": 5.227060591977553,
      "profit": 4917.317500294719,
      "provider_utility": 7.105427357601002e-15,
      "total_prompt_tokens": 2302839,
      "total_completion_tokens": 8046095,
      "total_tokens": 10348934,
      "avg_tokens_per_delegation": 10916.597046413503
    },
    {
      "delegations": 6,
      "total_price": 0.51963,
      "total_reward": 13.193870181457074,
      "total_cost": 0.20785200000000004,
      "avg_reward": 2.198978363576179,
      "profit": 12.674240181457074,
      "provider_utility": 0.0,
      "total_prompt_tokens": 14439,
      "total_completion_tokens": 1441,
      "total_tokens": 15880,
      "avg_tokens_per_delegation": 2646.6666666666665
    }
  ]
}