{
  "total_time": 1000000,
  "total_delegations": 952296,
  "best_provider_idx": 0,
  "R": 903668,
  "delta1": 11.195840192374956,
  "delta2": 0.0,
  "delta3": null,
  "M": 0.23637291771156435,
  "providers": [
    {
      "delegations": 920441,
      "delta": 2.213322419627409,
      "total_output_tokens": 6162127421.0,
      "total_reported_output_tokens": 6510576951.0,
      "total_reported_price": 65105.76951000001,
      "total_costs": 54486.414683226016,
      "total_rewards": 906581.1507047871,
      "total_user_utility": 841475.3811947864,
      "total_provider_utility": 4108.777875774001
    },
    {
      "delegations": 14708,
      "delta": 1.694570761874188,
      "total_output_tokens": 149234834.0,
      "total_reported_output_tokens": 441703643.0,
      "total_reported_price": 1943.4960291999998,
      "total_costs": 360.684801567,
      "total_rewards": 8850.755246111154,
      "total_user_utility": 6907.259216911152,
      "total_provider_utility": 1388.4616247130002
    },
    {
      "delegations": 17147,
      "delta": 2.3073411699154467,
      "total_output_tokens": 157369571.0,
      "total_reported_output_tokens": 516412983.0,
      "total_reported_price": 2272.2171252,
      "total_costs": 340.68937953599993,
      "total_rewards": 9400.546216450271,
      "total_user_utility": 7128.3290912502725,
      "total_provider_utility": 1704.3060331440004
    }
  ]
}