{
  "total_time": 1000000,
  "total_delegations": 52487,
  "best_provider_idx": 0,
  "R": 903724,
  "delta1": 11.195840192374956,
  "delta2": 0.0,
  "delta3": null,
  "M": 0.23637291771156435,
  "providers": [
    {
      "delegations": 20687,
      "delta": 2.1964393634327,
      "total_output_tokens": 174237774.0,
      "total_reported_output_tokens": 662545989.0,
      "total_reported_price": 6625.459890000002,
      "total_costs": 903.0085543080002,
      "total_rewards": 16617.40059091855,
      "total_user_utility": 9991.94070091855,
      "total_provider_utility": 5059.905346692
    },
    {
      "delegations": 14682,
      "delta": 1.6879659459492289,
      "total_output_tokens": 149164065.0,
      "total_reported_output_tokens": 440723197.0,
      "total_reported_price": 1939.1820668,
      "total_costs": 360.563340186,
      "total_rewards": 8885.16305020917,
      "total_user_utility": 6945.98098340917,
      "total_provider_utility": 1384.700519934
    },
    {
      "delegations": 17118,
      "delta": 2.299880029156838,
      "total_output_tokens": 157841155.0,
      "total_reported_output_tokens": 515461445.0,
      "total_reported_price": 2268.030358,
      "total_costs": 341.92148601599996,
      "total_rewards": 9463.618356635792,
      "total_user_utility": 7195.587998635792,
      "total_provider_utility": 1699.3058361840003
    }
  ]
}