{
  "total_time": 1000,
  "total_delegations": 959,
  "best_provider_idx": 1,
  "providers": [
    {
      "delegations": 6,
      "total_price": 2.3005950000000004,
      "total_reward": 17.574403262014936,
      "total_cost": 0.27822821,
      "avg_reward": 2.929067210335823,
      "profit": 15.273808262014935,
      "provider_utility": 0.18189079000000014,
      "total_prompt_tokens": 14637,
      "total_completion_tokens": 34684,
      "total_tokens": 49321,
      "avg_tokens_per_delegation": 8220.166666666666
    },
    {
      "delegations": 947,
      "total_price": 37.196947700000024,
      "total_reward": 4904.145590786485,
      "total_cost": 22.250090190000016,
      "avg_reward": 5.178612028285624,
      "profit": 4866.9486430864845,
      "provider_utility": 0.06807842999999636,
      "total_prompt_tokens": 2300083,
      "total_completion_tokens": 7878831,
      "total_tokens": 10178914,
      "avg_tokens_per_delegation": 10748.589229144667
    },
    {
      "delegations": 6,
      "total_price": 0.54762,
      "total_reward": 14.36287942444844,
      "total_cost": 0.1457806,
      "avg_reward": 2.3938132374080734,
      "profit": 13.81525942444844,
      "provider_utility": 0.07326740000000001,
      "total_prompt_tokens": 14394,
      "total_completion_tokens": 1930,
      "total_tokens": 16324,
      "avg_tokens_per_delegation": 2720.6666666666665
    }
  ]
}