{
  "total_time": 1000,
  "total_delegations": 378,
  "best_provider_idx": 0,
  "providers": [
    {
      "delegations": 126,
      "total_price": 2.5221090000000004,
      "total_reward": 367.3137958556901,
      "total_cost": 1.2610545000000002,
      "avg_reward": 2.9151888559975414,
      "user_utility": 364.7916868556901,
      "provider_utility": 0.0,
      "total_prompt_tokens": 359298,
      "total_completion_tokens": 96281,
      "total_tokens": 455579,
      "avg_tokens_per_delegation": 3615.7063492063494
    },
    {
      "delegations": 126,
      "total_price": 2.5063410000000004,
      "total_reward": 334.8905536884134,
      "total_cost": 1.2531705000000002,
      "avg_reward": 2.65786153720963,
      "user_utility": 332.38421268841336,
      "provider_utility": 0.0,
      "total_prompt_tokens": 361602,
      "total_completion_tokens": 94769,
      "total_tokens": 456371,
      "avg_tokens_per_delegation": 3621.9920634920636
    },
    {
      "delegations": 126,
      "total_price": 1.9180979999999994,
      "total_reward": 226.8340544485847,
      "total_cost": 0.70802525,
      "avg_reward": 1.8002702734014662,
      "user_utility": 224.91595644858472,
      "provider_utility": 0.25102374999999966,
      "total_prompt_tokens": 327621,
      "total_completion_tokens": 62349,
      "total_tokens": 389970,
      "avg_tokens_per_delegation": 3095.0
    }
  ]
}