{
  "total_time": 1000,
  "total_delegations": 943,
  "best_provider_idx": 0,
  "providers": [
    {
      "delegations": 931,
      "total_price": 403.1062350000003,
      "total_reward": 3171.2442681663842,
      "total_cost": 75.54803852999993,
      "avg_reward": 3.406277409416093,
      "profit": 2768.138033166384,
      "provider_utility": 5.073208470000139,
      "total_prompt_tokens": 2260525,
      "total_completion_tokens": 6153306,
      "total_tokens": 8413831,
      "avg_tokens_per_delegation": 9037.41245972073
    },
    {
      "delegations": 6,
      "total_price": 0.2299077,
      "total_reward": 20.16949152542373,
      "total_cost": 0.101402286,
      "avg_reward": 3.361581920903955,
      "profit": 19.939583825423732,
      "provider_utility": 0.036542333999999996,
      "total_prompt_tokens": 14623,
      "total_completion_tokens": 48596,
      "total_tokens": 63219,
      "avg_tokens_per_delegation": 10536.5
    },
    {
      "delegations": 6,
      "total_price": 0.52179,
      "total_reward": 13.205307428420635,
      "total_cost": 0.208716,
      "avg_reward": 2.200884571403439,
      "profit": 12.683517428420636,
      "provider_utility": 0.0,
      "total_prompt_tokens": 14589,
      "total_completion_tokens": 1402,
      "total_tokens": 15991,
      "avg_tokens_per_delegation": 2665.1666666666665
    }
  ]
}