{
  "total_time": 1000000,
  "total_delegations": 952341,
  "best_provider_idx": 0,
  "R": 903626,
  "delta1": 11.195840192374956,
  "delta2": 0.0,
  "delta3": null,
  "M": 0.23637291771156435,
  "providers": [
    {
      "delegations": 920444,
      "delta": 2.224684844484768,
      "total_output_tokens": 6164916169.0,
      "total_reported_output_tokens": 6514768222.0,
      "total_reported_price": 65147.682219999995,
      "total_costs": 54509.333813703,
      "total_rewards": 906722.0400273959,
      "total_user_utility": 841574.3578073959,
      "total_provider_utility": 4123.580184297001
    },
    {
      "delegations": 14728,
      "delta": 1.699528496644573,
      "total_output_tokens": 123416692.0,
      "total_reported_output_tokens": 123416692.0,
      "total_reported_price": 543.0334448000001,
      "total_costs": 488.7301003200001,
      "total_rewards": 11518.638470599224,
      "total_user_utility": 10975.605025799225,
      "total_provider_utility": 0.0
    },
    {
      "delegations": 17169,
      "delta": 2.312883460563109,
      "total_output_tokens": 158177419.0,
      "total_reported_output_tokens": 517305123.0,
      "total_reported_price": 2276.1425412,
      "total_costs": 342.39077244,
      "total_rewards": 9444.076945020317,
      "total_user_utility": 7167.934403820316,
      "total_provider_utility": 1706.13751464
    }
  ]
}