{
  "total_time": 1000,
  "total_delegations": 378,
  "best_provider_idx": 2,
  "providers": [
    {
      "delegations": 126,
      "total_price": 1.9967460000000001,
      "total_reward": 232.26684114374197,
      "total_cost": 0.7780732499999997,
      "avg_reward": 1.8433876281249357,
      "user_utility": 230.27009514374197,
      "provider_utility": 0.22029975000000035,
      "total_prompt_tokens": 328332,
      "total_completion_tokens": 67450,
      "total_tokens": 395782,
      "avg_tokens_per_delegation": 3141.126984126984
    },
    {
      "delegations": 126,
      "total_price": 1.225932,
      "total_reward": 132.8778958533235,
      "total_cost": 0.09197550000000004,
      "avg_reward": 1.054586475026377,
      "user_utility": 131.6519638533235,
      "provider_utility": 0.5209904999999999,
      "total_prompt_tokens": 306789,
      "total_completion_tokens": 20371,
      "total_tokens": 327160,
      "avg_tokens_per_delegation": 2596.5079365079364
    },
    {
      "delegations": 126,
      "total_price": 1.8481229999999997,
      "total_reward": 223.2873580390469,
      "total_cost": 0.6613552500000004,
      "avg_reward": 1.7721218891987842,
      "user_utility": 221.4392350390469,
      "provider_utility": 0.2627062499999995,
      "total_prompt_tokens": 334266,
      "total_completion_tokens": 56355,
      "total_tokens": 390621,
      "avg_tokens_per_delegation": 3100.1666666666665
    }
  ]
}