{
  "total_time": 1000000,
  "total_delegations": 956097,
  "best_provider_idx": 0,
  "R": 916720,
  "delta1": 11.195840192374956,
  "delta2": 0.0,
  "delta3": null,
  "M": 0.23637291771156435,
  "providers": [
    {
      "delegations": 933456,
      "delta": 2.203991015428912,
      "total_output_tokens": 6200193434.0,
      "total_reported_output_tokens": 6200193434.0,
      "total_reported_price": 62001.934339999956,
      "total_costs": 55801.740906000035,
      "total_rewards": 925222.7189164067,
      "total_user_utility": 863220.7845764073,
      "total_provider_utility": 0.0
    },
    {
      "delegations": 14679,
      "delta": 1.6873930362272913,
      "total_output_tokens": 149395920.0,
      "total_reported_output_tokens": 440668078.0,
      "total_reported_price": 1938.9395432,
      "total_costs": 361.137786786,
      "total_rewards": 8889.910082400274,
      "total_user_utility": 6950.970539200274,
      "total_provider_utility": 1383.907802094
    },
    {
      "delegations": 7962,
      "delta": -0.9640607125338274,
      "total_output_tokens": 86153826.0,
      "total_reported_output_tokens": 303017796.0,
      "total_reported_price": 1333.2783024,
      "total_costs": 169.809191046,
      "total_rewards": 4279.466045800351,
      "total_user_utility": 2946.1877434003504,
      "total_provider_utility": 1030.1412811139999
    }
  ]
}