{
  "total_time": 1000,
  "total_delegations": 383,
  "best_provider_idx": 2,
  "providers": [
    {
      "delegations": 126,
      "total_price": 1.939355999999999,
      "total_reward": 450.5768376338656,
      "total_cost": 0.7161610000000002,
      "avg_reward": 3.576006647887822,
      "user_utility": 448.6374816338656,
      "provider_utility": 0.2535169999999993,
      "total_prompt_tokens": 324402,
      "total_completion_tokens": 64410,
      "total_tokens": 388812,
      "avg_tokens_per_delegation": 3085.809523809524
    },
    {
      "delegations": 126,
      "total_price": 1.227657,
      "total_reward": 270.18717838441535,
      "total_cost": 0.09209775000000003,
      "avg_reward": 2.144342685590598,
      "user_utility": 268.9595213844153,
      "provider_utility": 0.5217307499999999,
      "total_prompt_tokens": 307149,
      "total_completion_tokens": 20414,
      "total_tokens": 327563,
      "avg_tokens_per_delegation": 2599.7063492063494
    },
    {
      "delegations": 131,
      "total_price": 2.5621320000000005,
      "total_reward": 736.0297594289242,
      "total_cost": 1.2810660000000003,
      "avg_reward": 5.618547781900184,
      "user_utility": 733.4676274289242,
      "provider_utility": 0.0,
      "total_prompt_tokens": 374859,
      "total_completion_tokens": 95837,
      "total_tokens": 470696,
      "avg_tokens_per_delegation": 3593.0992366412215
    }
  ]
}