{
  "total_time": 1000,
  "total_delegations": 378,
  "best_provider_idx": 0,
  "providers": [
    {
      "delegations": 126,
      "total_price": 1.9039649999999997,
      "total_reward": 474.49041682494664,
      "total_cost": 0.6825262499999996,
      "avg_reward": 3.765796958928147,
      "user_utility": 472.5864518249466,
      "provider_utility": 0.2694562500000003,
      "total_prompt_tokens": 318975,
      "total_completion_tokens": 63136,
      "total_tokens": 382111,
      "avg_tokens_per_delegation": 3032.626984126984
    },
    {
      "delegations": 126,
      "total_price": 1.9236750000000007,
      "total_reward": 415.2581600926927,
      "total_cost": 0.6929789999999999,
      "avg_reward": 3.295699683275338,
      "user_utility": 413.3344850926927,
      "provider_utility": 0.26885850000000044,
      "total_prompt_tokens": 325635,
      "total_completion_tokens": 63118,
      "total_tokens": 388753,
      "avg_tokens_per_delegation": 3085.34126984127
    },
    {
      "delegations": 126,
      "total_price": 1.2282720000000003,
      "total_reward": 258.561195424851,
      "total_cost": 0.09186899999999998,
      "avg_reward": 2.0520729795623094,
      "user_utility": 257.332923424851,
      "provider_utility": 0.5222670000000001,
      "total_prompt_tokens": 304554,
      "total_completion_tokens": 20974,
      "total_tokens": 325528,
      "avg_tokens_per_delegation": 2583.5555555555557
    }
  ]
}