{
  "total_time": 1000,
  "total_delegations": 378,
  "best_provider_idx": 0,
  "providers": [
    {
      "delegations": 126,
      "total_price": 1.9233419999999997,
      "total_reward": 242.7844580468264,
      "total_cost": 0.6993417500000001,
      "avg_reward": 1.9268607781494158,
      "user_utility": 240.8611160468264,
      "provider_utility": 0.26232924999999974,
      "total_prompt_tokens": 322899,
      "total_completion_tokens": 63643,
      "total_tokens": 386542,
      "avg_tokens_per_delegation": 3067.7936507936506
    },
    {
      "delegations": 126,
      "total_price": 1.9019640000000002,
      "total_reward": 225.80656264872945,
      "total_cost": 0.6749885,
      "avg_reward": 1.7921155765772177,
      "user_utility": 223.90459864872946,
      "provider_utility": 0.2759935000000001,
      "total_prompt_tokens": 324588,
      "total_completion_tokens": 61880,
      "total_tokens": 386468,
      "avg_tokens_per_delegation": 3067.2063492063494
    },
    {
      "delegations": 126,
      "total_price": 1.2282720000000003,
      "total_reward": 129.2805977124255,
      "total_cost": 0.09186899999999998,
      "avg_reward": 1.0260364897811547,
      "user_utility": 128.0523257124255,
      "provider_utility": 0.5222670000000001,
      "total_prompt_tokens": 304554,
      "total_completion_tokens": 20974,
      "total_tokens": 325528,
      "avg_tokens_per_delegation": 2583.5555555555557
    }
  ]
}