{
  "total_time": 1000,
  "total_delegations": 942,
  "best_provider_idx": 2,
  "providers": [
    {
      "delegations": 6,
      "total_price": 0.44648999999999994,
      "total_reward": 13.498362662905512,
      "total_cost": 0.00089298,
      "avg_reward": 2.249727110484252,
      "profit": 13.051872662905511,
      "provider_utility": 0.08840501999999999,
      "total_prompt_tokens": 14394,
      "total_completion_tokens": 3843,
      "total_tokens": 18237,
      "avg_tokens_per_delegation": 3039.5
    },
    {
      "delegations": 6,
      "total_price": 0.0325809,
      "total_reward": 9.78283355063016,
      "total_cost": 0.00308457,
      "avg_reward": 1.63047225843836,
      "profit": 9.750252650630161,
      "provider_utility": 0.01646397,
      "total_prompt_tokens": 14655,
      "total_completion_tokens": 3741,
      "total_tokens": 18396,
      "avg_tokens_per_delegation": 3066.0
    },
    {
      "delegations": 930,
      "total_price": 85.46304000000003,
      "total_reward": 2007.0791706587358,
      "total_cost": 12.609004200000006,
      "avg_reward": 2.1581496458696092,
      "profit": 1921.6161306587358,
      "provider_utility": 21.57621180000001,
      "total_prompt_tokens": 2258850,
      "total_completion_tokens": 294959,
      "total_tokens": 2553809,
      "avg_tokens_per_delegation": 2746.031182795699
    }
  ]
}