{
  "total_time": 1000,
  "total_delegations": 378,
  "best_provider_idx": 0,
  "providers": [
    {
      "delegations": 126,
      "total_price": 1.9063499999999993,
      "total_reward": 466.37229931382205,
      "total_cost": 0.6904687500000001,
      "avg_reward": 3.7013674548716033,
      "user_utility": 464.4659493138221,
      "provider_utility": 0.2627062499999996,
      "total_prompt_tokens": 333060,
      "total_completion_tokens": 60478,
      "total_tokens": 393538,
      "avg_tokens_per_delegation": 3123.3174603174602
    },
    {
      "delegations": 126,
      "total_price": 1.8674309999999998,
      "total_reward": 469.16849200405954,
      "total_cost": 0.6707429999999996,
      "avg_reward": 3.7235594603496778,
      "user_utility": 467.30106100405953,
      "provider_utility": 0.2629725000000003,
      "total_prompt_tokens": 334362,
      "total_completion_tokens": 57623,
      "total_tokens": 391985,
      "avg_tokens_per_delegation": 3110.9920634920636
    },
    {
      "delegations": 126,
      "total_price": 1.7819850000000002,
      "total_reward": 410.1194890063863,
      "total_cost": 0.6125687499999997,
      "avg_reward": 3.254916579415765,
      "user_utility": 408.33750400638627,
      "provider_utility": 0.2784237500000004,
      "total_prompt_tokens": 319755,
      "total_completion_tokens": 54848,
      "total_tokens": 374603,
      "avg_tokens_per_delegation": 2973.0396825396824
    }
  ]
}