{
  "total_time": 1000,
  "total_delegations": 945,
  "best_provider_idx": 0,
  "providers": [
    {
      "delegations": 933,
      "total_price": 330.69357000000053,
      "total_reward": 3239.8476350854025,
      "total_cost": 47.29887973999997,
      "avg_reward": 3.4725055038428763,
      "profit": 2909.154065085402,
      "provider_utility": 18.83983426000014,
      "total_prompt_tokens": 2316810,
      "total_completion_tokens": 4932357,
      "total_tokens": 7249167,
      "avg_tokens_per_delegation": 7769.739549839228
    },
    {
      "delegations": 6,
      "total_price": 0.0325809,
      "total_reward": 9.78283355063016,
      "total_cost": 0.00308457,
      "avg_reward": 1.63047225843836,
      "profit": 9.750252650630161,
      "provider_utility": 0.01646397,
      "total_prompt_tokens": 14655,
      "total_completion_tokens": 3741,
      "total_tokens": 18396,
      "avg_tokens_per_delegation": 3066.0
    },
    {
      "delegations": 6,
      "total_price": 0.51621,
      "total_reward": 9.688284282748036,
      "total_cost": 0.1076508,
      "avg_reward": 1.6147140471246726,
      "profit": 9.172074282748037,
      "provider_utility": 0.0988332,
      "total_prompt_tokens": 14439,
      "total_completion_tokens": 1384,
      "total_tokens": 15823,
      "avg_tokens_per_delegation": 2637.1666666666665
    }
  ]
}