{
  "total_time": 1000,
  "total_delegations": 954,
  "best_provider_idx": 1,
  "providers": [
    {
      "delegations": 6,
      "total_price": 2.2019399999999996,
      "total_reward": 17.67516722408027,
      "total_cost": 0.39943467,
      "avg_reward": 2.945861204013378,
      "profit": 15.473227224080269,
      "provider_utility": 0.040953329999999954,
      "total_prompt_tokens": 14256,
      "total_completion_tokens": 33135,
      "total_tokens": 47391,
      "avg_tokens_per_delegation": 7898.5
    },
    {
      "delegations": 942,
      "total_price": 24.169902900000036,
      "total_reward": 4005.9165350451126,
      "total_cost": 13.389201689999997,
      "avg_reward": 4.252565323827085,
      "profit": 3981.7466321451125,
      "provider_utility": 1.1127400500000242,
      "total_prompt_tokens": 2286243,
      "total_completion_tokens": 4921599,
      "total_tokens": 7207842,
      "avg_tokens_per_delegation": 7651.636942675159
    },
    {
      "delegations": 6,
      "total_price": 0.51621,
      "total_reward": 9.688284282748036,
      "total_cost": 0.1076508,
      "avg_reward": 1.6147140471246726,
      "profit": 9.172074282748037,
      "provider_utility": 0.0988332,
      "total_prompt_tokens": 14439,
      "total_completion_tokens": 1384,
      "total_tokens": 15823,
      "avg_tokens_per_delegation": 2637.1666666666665
    }
  ]
}