{
  "total_time": 1000,
  "total_delegations": 378,
  "best_provider_idx": 1,
  "providers": [
    {
      "delegations": 126,
      "total_price": 1.942065,
      "total_reward": 402.487938056557,
      "total_cost": 0.7109567500000001,
      "avg_reward": 3.1943487147345797,
      "user_utility": 400.545873056557,
      "provider_utility": 0.26007574999999983,
      "total_prompt_tokens": 323055,
      "total_completion_tokens": 64860,
      "total_tokens": 387915,
      "avg_tokens_per_delegation": 3078.690476190476
    },
    {
      "delegations": 126,
      "total_price": 1.8666659999999995,
      "total_reward": 451.19875252353984,
      "total_cost": 0.6706267500000002,
      "avg_reward": 3.5809424803455534,
      "user_utility": 449.33208652353983,
      "provider_utility": 0.2627062499999996,
      "total_prompt_tokens": 333582,
      "total_completion_tokens": 57728,
      "total_tokens": 391310,
      "avg_tokens_per_delegation": 3105.6349206349205
    },
    {
      "delegations": 126,
      "total_price": 2.4657960000000014,
      "total_reward": 656.1515185431899,
      "total_cost": 1.2328980000000007,
      "avg_reward": 5.20755173446976,
      "user_utility": 653.68572254319,
      "provider_utility": 0.0,
      "total_prompt_tokens": 362502,
      "total_completion_tokens": 91886,
      "total_tokens": 454388,
      "avg_tokens_per_delegation": 3606.253968253968
    }
  ]
}