{
  "total_time": 1000,
  "total_delegations": 378,
  "best_provider_idx": 1,
  "providers": [
    {
      "delegations": 126,
      "total_price": 1.881876000000001,
      "total_reward": 206.97802907542078,
      "total_cost": 0.67170375,
      "avg_reward": 1.642682770439847,
      "user_utility": 205.09615307542077,
      "provider_utility": 0.26923425000000045,
      "total_prompt_tokens": 321702,
      "total_completion_tokens": 61118,
      "total_tokens": 382820,
      "avg_tokens_per_delegation": 3038.253968253968
    },
    {
      "delegations": 126,
      "total_price": 1.8666659999999995,
      "total_reward": 225.59937626176992,
      "total_cost": 0.6706267500000002,
      "avg_reward": 1.7904712401727767,
      "user_utility": 223.7327102617699,
      "provider_utility": 0.2627062499999996,
      "total_prompt_tokens": 333582,
      "total_completion_tokens": 57728,
      "total_tokens": 391310,
      "avg_tokens_per_delegation": 3105.6349206349205
    },
    {
      "delegations": 126,
      "total_price": 2.4657960000000014,
      "total_reward": 328.07575927159496,
      "total_cost": 1.2328980000000007,
      "avg_reward": 2.60377586723488,
      "user_utility": 325.60996327159495,
      "provider_utility": 0.0,
      "total_prompt_tokens": 362502,
      "total_completion_tokens": 91886,
      "total_tokens": 454388,
      "avg_tokens_per_delegation": 3606.253968253968
    }
  ]
}