{
  "total_time": 1000,
  "total_delegations": 942,
  "best_provider_idx": 1,
  "providers": [
    {
      "delegations": 6,
      "total_price": 0.44648999999999994,
      "total_reward": 13.498362662905512,
      "total_cost": 0.00089298,
      "avg_reward": 2.249727110484252,
      "profit": 13.051872662905511,
      "provider_utility": 0.08840501999999999,
      "total_prompt_tokens": 14394,
      "total_completion_tokens": 3843,
      "total_tokens": 18237,
      "avg_tokens_per_delegation": 3039.5
    },
    {
      "delegations": 930,
      "total_price": 29.481008700000025,
      "total_reward": 3724.900284923698,
      "total_cost": 11.972011595999978,
      "avg_reward": 4.0052691235738695,
      "profit": 3695.419276223698,
      "provider_utility": 5.716593624000035,
      "total_prompt_tokens": 2257013,
      "total_completion_tokens": 6135976,
      "total_tokens": 8392989,
      "avg_tokens_per_delegation": 9024.71935483871
    },
    {
      "delegations": 6,
      "total_price": 0.49215000000000003,
      "total_reward": 11.642305625343383,
      "total_cost": 0.0034866,
      "avg_reward": 1.9403842708905639,
      "profit": 11.150155625343382,
      "provider_utility": 0.19337340000000003,
      "total_prompt_tokens": 14349,
      "total_completion_tokens": 1028,
      "total_tokens": 15377,
      "avg_tokens_per_delegation": 2562.8333333333335
    }
  ]
}