{
  "total_time": 1000,
  "total_delegations": 954,
  "best_provider_idx": 0,
  "providers": [
    {
      "delegations": 942,
      "total_price": 635.8222049999998,
      "total_reward": 4101.157869023715,
      "total_cost": 127.16444099999981,
      "avg_reward": 4.353670773910526,
      "profit": 3465.335664023715,
      "provider_utility": 1.5631940186722204e-13,
      "total_prompt_tokens": 2286951,
      "total_completion_tokens": 10025299,
      "total_tokens": 12312250,
      "avg_tokens_per_delegation": 13070.329087048833
    },
    {
      "delegations": 6,
      "total_price": 0.1529627,
      "total_reward": 14.541807909604518,
      "total_cost": 0.048913620000000005,
      "avg_reward": 2.423634651600753,
      "profit": 14.388845209604519,
      "provider_utility": 0.042864,
      "total_prompt_tokens": 14797,
      "total_completion_tokens": 31065,
      "total_tokens": 45862,
      "avg_tokens_per_delegation": 7643.666666666667
    },
    {
      "delegations": 6,
      "total_price": 0.5155500000000001,
      "total_reward": 10.670078291273942,
      "total_cost": 0.11056440000000001,
      "avg_reward": 1.7783463818789904,
      "profit": 10.154528291273943,
      "provider_utility": 0.09565560000000004,
      "total_prompt_tokens": 14349,
      "total_completion_tokens": 1418,
      "total_tokens": 15767,
      "avg_tokens_per_delegation": 2627.8333333333335
    }
  ]
}