{
  "total_time": 1000,
  "total_delegations": 954,
  "best_provider_idx": 1,
  "providers": [
    {
      "delegations": 6,
      "total_price": 3.017205,
      "total_reward": 16.96153846153846,
      "total_cost": 0.45649284,
      "avg_reward": 2.8269230769230766,
      "profit": 13.94433346153846,
      "provider_utility": 0.1469481600000001,
      "total_prompt_tokens": 14587,
      "total_completion_tokens": 46640,
      "total_tokens": 61227,
      "avg_tokens_per_delegation": 10204.5
    },
    {
      "delegations": 942,
      "total_price": 21.954930800000042,
      "total_reward": 3875.785352820802,
      "total_cost": 11.879749499999999,
      "avg_reward": 4.114421818281108,
      "profit": 3853.830422020802,
      "provider_utility": 1.293208980000026,
      "total_prompt_tokens": 2286060,
      "total_completion_tokens": 4418242,
      "total_tokens": 6704302,
      "avg_tokens_per_delegation": 7117.093418259024
    },
    {
      "delegations": 6,
      "total_price": 0.51621,
      "total_reward": 9.688284282748036,
      "total_cost": 0.1076508,
      "avg_reward": 1.6147140471246726,
      "profit": 9.172074282748037,
      "provider_utility": 0.0988332,
      "total_prompt_tokens": 14439,
      "total_completion_tokens": 1384,
      "total_tokens": 15823,
      "avg_tokens_per_delegation": 2637.1666666666665
    }
  ]
}