{
  "total_time": 1000000,
  "total_delegations": 954179,
  "best_provider_idx": 1,
  "R": 914282,
  "delta1": 11.195840192374956,
  "delta2": 0.0,
  "delta3": null,
  "M": 0.23637291771156435,
  "providers": [
    {
      "delegations": 7962,
      "delta": -0.9775717890118969,
      "total_output_tokens": 86164241.0,
      "total_reported_output_tokens": 303017796.0,
      "total_reported_price": 3030.177960000001,
      "total_costs": 169.82971901099995,
      "total_rewards": 4309.253303650303,
      "total_user_utility": 1279.0753436503023,
      "total_provider_utility": 2557.330444989
    },
    {
      "delegations": 929046,
      "delta": 1.7086550485340255,
      "total_output_tokens": 7788626932.0,
      "total_reported_output_tokens": 8081972833.0,
      "total_reported_price": 35560.68046519999,
      "total_costs": 30610.182993363,
      "total_rewards": 721330.7064409098,
      "total_user_utility": 685770.0259757094,
      "total_provider_utility": 1394.429425317
    },
    {
      "delegations": 17171,
      "delta": 2.313282832388122,
      "total_output_tokens": 158393520.0,
      "total_reported_output_tokens": 517469042.0,
      "total_reported_price": 2276.8637848000003,
      "total_costs": 342.99134767799995,
      "total_rewards": 9461.180297164483,
      "total_user_utility": 7184.316512364483,
      "total_provider_utility": 1706.1860586420003
    }
  ]
}