{
  "total_time": 1000,
  "total_delegations": 944,
  "best_provider_idx": 1,
  "providers": [
    {
      "delegations": 6,
      "total_price": 2.1947699999999997,
      "total_reward": 14.241515837104073,
      "total_cost": 0.31549533999999996,
      "avg_reward": 2.373585972850679,
      "profit": 12.046745837104073,
      "provider_utility": 0.12345866,
      "total_prompt_tokens": 14506,
      "total_completion_tokens": 32953,
      "total_tokens": 47459,
      "avg_tokens_per_delegation": 7909.833333333333
    },
    {
      "delegations": 932,
      "total_price": 20.320538700000032,
      "total_reward": 3753.333621730327,
      "total_cost": 10.814306100000005,
      "avg_reward": 4.027181997564732,
      "profit": 3733.0130830303274,
      "provider_utility": 1.3780171200000133,
      "total_prompt_tokens": 2262121,
      "total_completion_tokens": 4052774,
      "total_tokens": 6314895,
      "avg_tokens_per_delegation": 6775.638412017167
    },
    {
      "delegations": 6,
      "total_price": 0.50553,
      "total_reward": 12.127950558213715,
      "total_cost": 0.0036534000000000002,
      "avg_reward": 2.0213250930356192,
      "profit": 11.622420558213715,
      "provider_utility": 0.19855860000000003,
      "total_prompt_tokens": 14019,
      "total_completion_tokens": 1416,
      "total_tokens": 15435,
      "avg_tokens_per_delegation": 2572.5
    }
  ]
}