{
  "total_time": 1000,
  "total_delegations": 945,
  "best_provider_idx": 0,
  "providers": [
    {
      "delegations": 933,
      "total_price": 316.0090649999999,
      "total_reward": 3285.3902171014565,
      "total_cost": 42.28684507999999,
      "avg_reward": 3.5213185606660846,
      "profit": 2969.381152101457,
      "provider_utility": 20.914967919999995,
      "total_prompt_tokens": 2322539,
      "total_completion_tokens": 4686183,
      "total_tokens": 7008722,
      "avg_tokens_per_delegation": 7512.027867095391
    },
    {
      "delegations": 6,
      "total_price": 0.30296200000000006,
      "total_reward": 22.879487179487178,
      "total_cost": 0.09524701799999999,
      "avg_reward": 3.813247863247863,
      "profit": 22.576525179487177,
      "provider_utility": 0.08653018200000004,
      "total_prompt_tokens": 14668,
      "total_completion_tokens": 65188,
      "total_tokens": 79856,
      "avg_tokens_per_delegation": 13309.333333333334
    },
    {
      "delegations": 6,
      "total_price": 0.5057699999999999,
      "total_reward": 9.597574553880412,
      "total_cost": 0.0036138,
      "avg_reward": 1.5995957589800687,
      "profit": 9.091804553880412,
      "provider_utility": 0.1986942,
      "total_prompt_tokens": 14439,
      "total_completion_tokens": 1210,
      "total_tokens": 15649,
      "avg_tokens_per_delegation": 2608.1666666666665
    }
  ]
}