{
  "total_time": 1000,
  "total_delegations": 378,
  "best_provider_idx": 1,
  "providers": [
    {
      "delegations": 126,
      "total_price": 1.2568920000000006,
      "total_reward": 77.19548968904033,
      "total_cost": 0.09350549999999996,
      "avg_reward": 0.6126626165796853,
      "user_utility": 75.93859768904034,
      "provider_utility": 0.5349405000000003,
      "total_prompt_tokens": 306609,
      "total_completion_tokens": 22471,
      "total_tokens": 329080,
      "avg_tokens_per_delegation": 2611.746031746032
    },
    {
      "delegations": 126,
      "total_price": 1.8965009999999995,
      "total_reward": 140.42897778361146,
      "total_cost": 0.6795967500000001,
      "avg_reward": 1.1145156966953298,
      "user_utility": 138.53247678361146,
      "provider_utility": 0.2686537499999997,
      "total_prompt_tokens": 324012,
      "total_completion_tokens": 61631,
      "total_tokens": 385643,
      "avg_tokens_per_delegation": 3060.65873015873
    },
    {
      "delegations": 126,
      "total_price": 1.2282720000000003,
      "total_reward": 77.56835862745534,
      "total_cost": 0.09186899999999998,
      "avg_reward": 0.615621893868693,
      "user_utility": 76.34008662745534,
      "provider_utility": 0.5222670000000001,
      "total_prompt_tokens": 304554,
      "total_completion_tokens": 20974,
      "total_tokens": 325528,
      "avg_tokens_per_delegation": 2583.5555555555557
    }
  ]
}