{
  "total_time": 1000,
  "total_delegations": 378,
  "best_provider_idx": 1,
  "providers": [
    {
      "delegations": 126,
      "total_price": 1.2568920000000006,
      "total_reward": 128.6591494817339,
      "total_cost": 0.09350549999999996,
      "avg_reward": 1.021104360966142,
      "user_utility": 127.4022574817339,
      "provider_utility": 0.5349405000000003,
      "total_prompt_tokens": 306609,
      "total_completion_tokens": 22471,
      "total_tokens": 329080,
      "avg_tokens_per_delegation": 2611.746031746032
    },
    {
      "delegations": 126,
      "total_price": 1.8965009999999995,
      "total_reward": 234.0482963060192,
      "total_cost": 0.6795967500000001,
      "avg_reward": 1.857526161158883,
      "user_utility": 232.1517953060192,
      "provider_utility": 0.2686537499999997,
      "total_prompt_tokens": 324012,
      "total_completion_tokens": 61631,
      "total_tokens": 385643,
      "avg_tokens_per_delegation": 3060.65873015873
    },
    {
      "delegations": 126,
      "total_price": 1.2282720000000003,
      "total_reward": 129.2805977124255,
      "total_cost": 0.09186899999999998,
      "avg_reward": 1.0260364897811547,
      "user_utility": 128.0523257124255,
      "provider_utility": 0.5222670000000001,
      "total_prompt_tokens": 304554,
      "total_completion_tokens": 20974,
      "total_tokens": 325528,
      "avg_tokens_per_delegation": 2583.5555555555557
    }
  ]
}