{
  "total_time": 1000,
  "total_delegations": 1000,
  "best_provider_idx": 0,
  "providers": [
    {
      "delegations": 441,
      "total_price": 4.660879300000001,
      "total_reward": 20.700947239919287,
      "total_cost": 1.1674235200000027,
      "avg_reward": 0.04694092344652898,
      "profit": 16.040067939919286,
      "provider_utility": 0.6969281999999979,
      "total_prompt_tokens": 1070739,
      "total_completion_tokens": 791606,
      "total_tokens": 1862345,
      "avg_tokens_per_delegation": 4223.004535147393
    },
    {
      "delegations": 433,
      "total_price": 20.248800000000013,
      "total_reward": 8.63086222097126,
      "total_cost": 0.3827393999999996,
      "avg_reward": 0.019932707207785817,
      "profit": -11.617937779028754,
      "provider_utility": 11.766540600000008,
      "total_prompt_tokens": 1053432,
      "total_completion_tokens": 74122,
      "total_tokens": 1127554,
      "avg_tokens_per_delegation": 2604.0508083140876
    },
    {
      "delegations": 126,
      "total_price": 12.197880000000001,
      "total_reward": 4.706038595857786,
      "total_cost": 0.9438595200000001,
      "avg_reward": 0.03734951266553797,
      "profit": -7.491841404142216,
      "provider_utility": 1.4957164800000005,
      "total_prompt_tokens": 304554,
      "total_completion_tokens": 51021,
      "total_tokens": 355575,
      "avg_tokens_per_delegation": 2822.0238095238096
    }
  ]
}