{
  "total_time": 1000,
  "total_delegations": 383,
  "best_provider_idx": 0,
  "providers": [
    {
      "delegations": 131,
      "total_price": 1.9920689999999992,
      "total_reward": 483.5202203142705,
      "total_cost": 0.735714,
      "avg_reward": 3.6909940482005386,
      "user_utility": 481.5281513142705,
      "provider_utility": 0.2603204999999996,
      "total_prompt_tokens": 346158,
      "total_completion_tokens": 63573,
      "total_tokens": 409731,
      "avg_tokens_per_delegation": 3127.7175572519086
    },
    {
      "delegations": 126,
      "total_price": 1.2323969999999997,
      "total_reward": 262.47958987931327,
      "total_cost": 0.09238725,
      "avg_reward": 2.083171348248518,
      "user_utility": 261.2471928793133,
      "provider_utility": 0.5238112499999998,
      "total_prompt_tokens": 307674,
      "total_completion_tokens": 20625,
      "total_tokens": 328299,
      "avg_tokens_per_delegation": 2605.5476190476193
    },
    {
      "delegations": 126,
      "total_price": 1.8918030000000003,
      "total_reward": 442.258611967055,
      "total_cost": 0.67739375,
      "avg_reward": 3.5099889838655165,
      "user_utility": 440.366808967055,
      "provider_utility": 0.26850775000000016,
      "total_prompt_tokens": 323286,
      "total_completion_tokens": 61463,
      "total_tokens": 384749,
      "avg_tokens_per_delegation": 3053.563492063492
    }
  ]
}