{
  "total_time": 1000000,
  "total_delegations": 956263,
  "best_provider_idx": 0,
  "R": 916728,
  "delta1": 11.195840192374956,
  "delta2": 0.0,
  "delta3": null,
  "M": 0.23637291771156435,
  "providers": [
    {
      "delegations": 933549,
      "delta": 2.2253038960548808,
      "total_output_tokens": 6242967584.0,
      "total_reported_output_tokens": 6592376968.0,
      "total_reported_price": 65923.76968000003,
      "total_costs": 55207.88249925597,
      "total_rewards": 919619.5077394353,
      "total_user_utility": 853695.7380594349,
      "total_provider_utility": 4123.5102127440005
    },
    {
      "delegations": 14752,
      "delta": 1.7055362373870113,
      "total_output_tokens": 150239891.0,
      "total_reported_output_tokens": 442982429.0,
      "total_reported_price": 1949.1226875999998,
      "total_costs": 361.87859034,
      "total_rewards": 8842.330358016668,
      "total_user_utility": 6893.207670416669,
      "total_provider_utility": 1392.3318285
    },
    {
      "delegations": 7962,
      "delta": -0.9842387428002315,
      "total_output_tokens": 86012321.0,
      "total_reported_output_tokens": 303017796.0,
      "total_reported_price": 1333.2783024,
      "total_costs": 169.53028469099996,
      "total_rewards": 4264.452247290882,
      "total_user_utility": 2931.173944890882,
      "total_provider_utility": 1030.420187469
    }
  ]
}