{
  "total_time": 1000000,
  "total_delegations": 52655,
  "best_provider_idx": 0,
  "R": 903602,
  "delta1": 11.195840192374956,
  "delta2": 0.0,
  "delta3": null,
  "M": 0.23637291771156435,
  "providers": [
    {
      "delegations": 20734,
      "delta": 2.2080916032487563,
      "total_output_tokens": 174382952.0,
      "total_reported_output_tokens": 664125278.0,
      "total_reported_price": 6641.252780000002,
      "total_costs": 899.654338872,
      "total_rewards": 16576.169844911066,
      "total_user_utility": 9934.917064911066,
      "total_provider_utility": 5077.473163128001
    },
    {
      "delegations": 14746,
      "delta": 1.7041954968250508,
      "total_output_tokens": 149100975.0,
      "total_reported_output_tokens": 442737386.0,
      "total_reported_price": 1948.0444983999998,
      "total_costs": 359.60058054900003,
      "total_rewards": 8941.247898807129,
      "total_user_utility": 6993.203400407128,
      "total_provider_utility": 1393.6394680110002
    },
    {
      "delegations": 17175,
      "delta": 2.314274107895646,
      "total_output_tokens": 158579330.0,
      "total_reported_output_tokens": 517493849.0,
      "total_reported_price": 2276.9729356000003,
      "total_costs": 343.1041308629999,
      "total_rewards": 9442.4243128641,
      "total_user_utility": 7165.4513772640985,
      "total_provider_utility": 1706.1715111770002
    }
  ]
}