{
  "total_time": 1000,
  "total_delegations": 378,
  "best_provider_idx": 0,
  "providers": [
    {
      "delegations": 126,
      "total_price": 1.9063499999999993,
      "total_reward": 139.9116897941466,
      "total_cost": 0.6904687500000001,
      "avg_reward": 1.110410236461481,
      "user_utility": 138.0053397941466,
      "provider_utility": 0.2627062499999996,
      "total_prompt_tokens": 333060,
      "total_completion_tokens": 60478,
      "total_tokens": 393538,
      "avg_tokens_per_delegation": 3123.3174603174602
    },
    {
      "delegations": 126,
      "total_price": 1.904856,
      "total_reward": 122.7476785613687,
      "total_cost": 0.691835,
      "avg_reward": 0.9741879250902277,
      "user_utility": 120.8428225613687,
      "provider_utility": 0.2605930000000001,
      "total_prompt_tokens": 324312,
      "total_completion_tokens": 62128,
      "total_tokens": 386440,
      "avg_tokens_per_delegation": 3066.9841269841268
    },
    {
      "delegations": 126,
      "total_price": 1.8428429999999996,
      "total_reward": 140.13322070683532,
      "total_cost": 0.6611062500000002,
      "avg_reward": 1.112168418308217,
      "user_utility": 138.29037770683533,
      "provider_utility": 0.26031524999999955,
      "total_prompt_tokens": 334416,
      "total_completion_tokens": 55973,
      "total_tokens": 390389,
      "avg_tokens_per_delegation": 3098.3253968253966
    }
  ]
}