{
  "total_time": 1000,
  "total_delegations": 378,
  "best_provider_idx": 0,
  "providers": [
    {
      "delegations": 126,
      "total_price": 1.9063499999999993,
      "total_reward": 233.18614965691103,
      "total_cost": 0.6904687500000001,
      "avg_reward": 1.8506837274358017,
      "user_utility": 231.27979965691102,
      "provider_utility": 0.2627062499999996,
      "total_prompt_tokens": 333060,
      "total_completion_tokens": 60478,
      "total_tokens": 393538,
      "avg_tokens_per_delegation": 3123.3174603174602
    },
    {
      "delegations": 126,
      "total_price": 1.904856,
      "total_reward": 204.57946426894787,
      "total_cost": 0.691835,
      "avg_reward": 1.623646541817046,
      "user_utility": 202.67460826894788,
      "provider_utility": 0.2605930000000001,
      "total_prompt_tokens": 324312,
      "total_completion_tokens": 62128,
      "total_tokens": 386440,
      "avg_tokens_per_delegation": 3066.9841269841268
    },
    {
      "delegations": 126,
      "total_price": 1.8428429999999996,
      "total_reward": 233.5553678447256,
      "total_cost": 0.6611062500000002,
      "avg_reward": 1.853614030513695,
      "user_utility": 231.7125248447256,
      "provider_utility": 0.26031524999999955,
      "total_prompt_tokens": 334416,
      "total_completion_tokens": 55973,
      "total_tokens": 390389,
      "avg_tokens_per_delegation": 3098.3253968253966
    }
  ]
}