{
  "total_time": 1000000,
  "total_delegations": 956261,
  "best_provider_idx": 0,
  "R": 914343,
  "delta1": 11.195840192374956,
  "delta2": 0.0,
  "delta3": null,
  "M": 0.23637291771156435,
  "providers": [
    {
      "delegations": 931113,
      "delta": 2.2124052144159116,
      "total_output_tokens": 6239309078.0,
      "total_reported_output_tokens": 35311187521.0,
      "total_reported_price": 353111.8752099999,
      "total_costs": 55178.90385339601,
      "total_rewards": 917043.9094106905,
      "total_user_utility": 563932.0342006908,
      "total_provider_utility": 262621.78383560415
    },
    {
      "delegations": 7962,
      "delta": -0.9966028700350513,
      "total_output_tokens": 86463119.0,
      "total_reported_output_tokens": 303017796.0,
      "total_reported_price": 1333.2783024,
      "total_costs": 170.418807549,
      "total_rewards": 4197.403617818018,
      "total_user_utility": 2864.1253154180176,
      "total_provider_utility": 1029.531664611
    },
    {
      "delegations": 17186,
      "delta": 2.317033436517634,
      "total_output_tokens": 158072144.0,
      "total_reported_output_tokens": 517861830.0,
      "total_reported_price": 2278.592052,
      "total_costs": 342.00371048399995,
      "total_rewards": 9434.904290455886,
      "total_user_utility": 7156.312238455885,
      "total_provider_utility": 1708.729136316
    }
  ]
}