{
  "total_time": 1000,
  "total_delegations": 383,
  "best_provider_idx": 2,
  "providers": [
    {
      "delegations": 126,
      "total_price": 1.976811000000001,
      "total_reward": 470.1574737726472,
      "total_cost": 0.7486817500000003,
      "avg_reward": 3.7314085220051374,
      "user_utility": 468.1806627726472,
      "provider_utility": 0.23972375000000024,
      "total_prompt_tokens": 327822,
      "total_completion_tokens": 66223,
      "total_tokens": 394045,
      "avg_tokens_per_delegation": 3127.34126984127
    },
    {
      "delegations": 126,
      "total_price": 1.227657,
      "total_reward": 270.18717838441535,
      "total_cost": 0.09209775000000003,
      "avg_reward": 2.144342685590598,
      "user_utility": 268.9595213844153,
      "provider_utility": 0.5217307499999999,
      "total_prompt_tokens": 307149,
      "total_completion_tokens": 20414,
      "total_tokens": 327563,
      "avg_tokens_per_delegation": 2599.7063492063494
    },
    {
      "delegations": 131,
      "total_price": 1.9338419999999996,
      "total_reward": 463.7226370785422,
      "total_cost": 0.7066005000000003,
      "avg_reward": 3.5398674586148253,
      "user_utility": 461.7887950785422,
      "provider_utility": 0.2603204999999995,
      "total_prompt_tokens": 347364,
      "total_completion_tokens": 59450,
      "total_tokens": 406814,
      "avg_tokens_per_delegation": 3105.4503816793895
    }
  ]
}