{
  "total_time": 1000,
  "total_delegations": 944,
  "best_provider_idx": 2,
  "providers": [
    {
      "delegations": 6,
      "total_price": 2.0184,
      "total_reward": 15.689787877399551,
      "total_cost": 0.15076021,
      "avg_reward": 2.6149646462332585,
      "profit": 13.671387877399551,
      "provider_utility": 0.25291979000000003,
      "total_prompt_tokens": 14816,
      "total_completion_tokens": 29936,
      "total_tokens": 44752,
      "avg_tokens_per_delegation": 7458.666666666667
    },
    {
      "delegations": 6,
      "total_price": 0.029114799999999996,
      "total_reward": 17.015703461255782,
      "total_cost": 0.00255912,
      "avg_reward": 2.835950576875964,
      "profit": 16.986588661255784,
      "provider_utility": 0.014909759999999996,
      "total_prompt_tokens": 14700,
      "total_completion_tokens": 2942,
      "total_tokens": 17642,
      "avg_tokens_per_delegation": 2940.3333333333335
    },
    {
      "delegations": 932,
      "total_price": 85.99121999999994,
      "total_reward": 1991.854971968686,
      "total_cost": 12.8843056,
      "avg_reward": 2.137183446318333,
      "profit": 1905.863751968686,
      "provider_utility": 21.51218239999998,
      "total_prompt_tokens": 2263698,
      "total_completion_tokens": 301338,
      "total_tokens": 2565036,
      "avg_tokens_per_delegation": 2752.184549356223
    }
  ]
}