{
  "total_time": 1000000,
  "total_delegations": 954120,
  "best_provider_idx": 1,
  "R": 914303,
  "delta1": 11.195840192374956,
  "delta2": 0.0,
  "delta3": null,
  "M": 0.23637291771156435,
  "providers": [
    {
      "delegations": 7962,
      "delta": -0.9729651308155134,
      "total_output_tokens": 85890222.0,
      "total_reported_output_tokens": 303017796.0,
      "total_reported_price": 3030.177960000001,
      "total_costs": 169.289627562,
      "total_rewards": 4305.536738122095,
      "total_user_utility": 1275.3587781220951,
      "total_provider_utility": 2557.8705364380003
    },
    {
      "delegations": 929025,
      "delta": 1.6982018475037046,
      "total_output_tokens": 7763100086.0,
      "total_reported_output_tokens": 7763100086.0,
      "total_reported_price": 34157.6403784,
      "total_costs": 30741.876340560004,
      "total_rewards": 723811.2463195816,
      "total_user_utility": 689653.6059411815,
      "total_provider_utility": 0.0
    },
    {
      "delegations": 17133,
      "delta": 2.303612114102387,
      "total_output_tokens": 157205356.0,
      "total_reported_output_tokens": 515870292.0,
      "total_reported_price": 2269.8292848,
      "total_costs": 340.34606243999997,
      "total_rewards": 9457.194228934193,
      "total_user_utility": 7187.364944134193,
      "total_provider_utility": 1702.50029388
    }
  ]
}