{
  "total_time": 1000,
  "total_delegations": 378,
  "best_provider_idx": 0,
  "providers": [
    {
      "delegations": 126,
      "total_price": 2.5221090000000004,
      "total_reward": 220.388277513414,
      "total_cost": 1.2610545000000002,
      "avg_reward": 1.7491133135985246,
      "user_utility": 217.866168513414,
      "provider_utility": 0.0,
      "total_prompt_tokens": 359298,
      "total_completion_tokens": 96281,
      "total_tokens": 455579,
      "avg_tokens_per_delegation": 3615.7063492063494
    },
    {
      "delegations": 126,
      "total_price": 2.5063410000000004,
      "total_reward": 200.93433221304807,
      "total_cost": 1.2531705000000002,
      "avg_reward": 1.594716922325778,
      "user_utility": 198.42799121304807,
      "provider_utility": 0.0,
      "total_prompt_tokens": 361602,
      "total_completion_tokens": 94769,
      "total_tokens": 456371,
      "avg_tokens_per_delegation": 3621.9920634920636
    },
    {
      "delegations": 126,
      "total_price": 2.4657960000000014,
      "total_reward": 196.84545556295691,
      "total_cost": 1.2328980000000007,
      "avg_reward": 1.562265520340928,
      "user_utility": 194.3796595629569,
      "provider_utility": 0.0,
      "total_prompt_tokens": 362502,
      "total_completion_tokens": 91886,
      "total_tokens": 454388,
      "avg_tokens_per_delegation": 3606.253968253968
    }
  ]
}