{
  "total_time": 1000,
  "total_delegations": 425,
  "best_provider_idx": 0,
  "providers": [
    {
      "delegations": 173,
      "total_price": 3.470583,
      "total_reward": 485.7487934083709,
      "total_cost": 1.7352915,
      "avg_reward": 2.8077964936900055,
      "user_utility": 482.2782104083709,
      "provider_utility": 0.0,
      "total_prompt_tokens": 494811,
      "total_completion_tokens": 132410,
      "total_tokens": 627221,
      "avg_tokens_per_delegation": 3625.5549132947976
    },
    {
      "delegations": 126,
      "total_price": 2.4741779999999993,
      "total_reward": 335.3445477726052,
      "total_cost": 1.2370889999999997,
      "avg_reward": 2.661464664861945,
      "user_utility": 332.8703697726052,
      "provider_utility": 0.0,
      "total_prompt_tokens": 359766,
      "total_completion_tokens": 92992,
      "total_tokens": 452758,
      "avg_tokens_per_delegation": 3593.3174603174602
    },
    {
      "delegations": 126,
      "total_price": 2.4952049999999995,
      "total_reward": 340.8707369354903,
      "total_cost": 1.2476024999999997,
      "avg_reward": 2.7053233090118267,
      "user_utility": 338.3755319354903,
      "provider_utility": 0.0,
      "total_prompt_tokens": 364320,
      "total_completion_tokens": 93483,
      "total_tokens": 457803,
      "avg_tokens_per_delegation": 3633.3571428571427
    }
  ]
}