{
  "total_time": 1000,
  "total_delegations": 485,
  "best_provider_idx": 0,
  "providers": [
    {
      "delegations": 233,
      "total_price": 4.6335120000000005,
      "total_reward": 1287.9061886392788,
      "total_cost": 2.3167560000000003,
      "avg_reward": 5.527494371842398,
      "user_utility": 1283.2726766392786,
      "provider_utility": 0.0,
      "total_prompt_tokens": 664389,
      "total_completion_tokens": 176023,
      "total_tokens": 840412,
      "avg_tokens_per_delegation": 3606.9184549356223
    },
    {
      "delegations": 126,
      "total_price": 2.513783999999999,
      "total_reward": 683.7793708302228,
      "total_cost": 1.2568919999999995,
      "avg_reward": 5.426820403414464,
      "user_utility": 681.2655868302228,
      "provider_utility": 0.0,
      "total_prompt_tokens": 363348,
      "total_completion_tokens": 94916,
      "total_tokens": 458264,
      "avg_tokens_per_delegation": 3637.0158730158732
    },
    {
      "delegations": 126,
      "total_price": 2.482215,
      "total_reward": 680.5707880482856,
      "total_cost": 1.2411075,
      "avg_reward": 5.401355460700679,
      "user_utility": 678.0885730482856,
      "provider_utility": 0.0,
      "total_prompt_tokens": 364050,
      "total_completion_tokens": 92671,
      "total_tokens": 456721,
      "avg_tokens_per_delegation": 3624.7698412698414
    }
  ]
}