{
  "total_time": 1000,
  "total_delegations": 942,
  "best_provider_idx": 1,
  "providers": [
    {
      "delegations": 6,
      "total_price": 2.78259,
      "total_reward": 15.653965051384612,
      "total_cost": 0.36057073,
      "avg_reward": 2.6089941752307686,
      "profit": 12.87137505138461,
      "provider_utility": 0.19594726999999995,
      "total_prompt_tokens": 14726,
      "total_completion_tokens": 42695,
      "total_tokens": 57421,
      "avg_tokens_per_delegation": 9570.166666666666
    },
    {
      "delegations": 930,
      "total_price": 5.181378399999993,
      "total_reward": 2766.306583887296,
      "total_cost": 0.4997851800000002,
      "avg_reward": 2.9745232084809645,
      "profit": 2761.1252054872957,
      "provider_utility": 2.609041859999995,
      "total_prompt_tokens": 2255460,
      "total_completion_tokens": 613721,
      "total_tokens": 2869181,
      "avg_tokens_per_delegation": 3085.1408602150536
    },
    {
      "delegations": 6,
      "total_price": 0.49215000000000003,
      "total_reward": 11.642305625343383,
      "total_cost": 0.0034866,
      "avg_reward": 1.9403842708905639,
      "profit": 11.150155625343382,
      "provider_utility": 0.19337340000000003,
      "total_prompt_tokens": 14349,
      "total_completion_tokens": 1028,
      "total_tokens": 15377,
      "avg_tokens_per_delegation": 2562.8333333333335
    }
  ]
}