{
  "total_time": 1000,
  "total_delegations": 936,
  "best_provider_idx": 2,
  "providers": [
    {
      "delegations": 6,
      "total_price": 0.419925,
      "total_reward": 14.130741911563828,
      "total_cost": 0.00083985,
      "avg_reward": 2.3551236519273044,
      "profit": 13.710816911563828,
      "provider_utility": 0.08314515,
      "total_prompt_tokens": 14079,
      "total_completion_tokens": 3479,
      "total_tokens": 17558,
      "avg_tokens_per_delegation": 2926.3333333333335
    },
    {
      "delegations": 6,
      "total_price": 0.1871177,
      "total_reward": 10.033333333333333,
      "total_cost": 0.05963764199999999,
      "avg_reward": 1.6722222222222223,
      "profit": 9.846215633333333,
      "provider_utility": 0.05263297800000001,
      "total_prompt_tokens": 14619,
      "total_completion_tokens": 38872,
      "total_tokens": 53491,
      "avg_tokens_per_delegation": 8915.166666666666
    },
    {
      "delegations": 924,
      "total_price": 80.40807000000005,
      "total_reward": 2538.7619149845905,
      "total_cost": 31.96861140000004,
      "avg_reward": 2.747577830069901,
      "profit": 2458.3538449845905,
      "provider_utility": 0.1946165999999856,
      "total_prompt_tokens": 2244681,
      "total_completion_tokens": 217794,
      "total_tokens": 2462475,
      "avg_tokens_per_delegation": 2665.0162337662337
    }
  ]
}