{
  "total_time": 1000000,
  "total_delegations": 952201,
  "best_provider_idx": 0,
  "R": 903581,
  "delta1": 11.195840192374956,
  "delta2": 0.0,
  "delta3": null,
  "M": 0.23637291771156435,
  "providers": [
    {
      "delegations": 920258,
      "delta": 2.189231128338344,
      "total_output_tokens": 6164609480.0,
      "total_reported_output_tokens": 22150921939.0,
      "total_reported_price": 221509.21938999995,
      "total_costs": 54511.26073968602,
      "total_rewards": 906368.9260761869,
      "total_user_utility": 684859.7066861871,
      "total_provider_utility": 144847.036711314
    },
    {
      "delegations": 14772,
      "delta": 1.7106418919109472,
      "total_output_tokens": 149909998.0,
      "total_reported_output_tokens": 443849552.0,
      "total_reported_price": 1952.9380287999998,
      "total_costs": 361.439131644,
      "total_rewards": 8902.62642922827,
      "total_user_utility": 6949.688400428269,
      "total_provider_utility": 1396.2050942760002
    },
    {
      "delegations": 17171,
      "delta": 2.313236958363576,
      "total_output_tokens": 158142139.0,
      "total_reported_output_tokens": 517327883.0,
      "total_reported_price": 2276.2426852000003,
      "total_costs": 342.21511047600006,
      "total_rewards": 9427.014490084828,
      "total_user_utility": 7150.771804884828,
      "total_provider_utility": 1706.4033062040003
    }
  ]
}