{
  "total_time": 1000,
  "total_delegations": 378,
  "best_provider_idx": 0,
  "providers": [
    {
      "delegations": 126,
      "total_price": 1.9063499999999993,
      "total_reward": 233.18614965691103,
      "total_cost": 0.6904687500000001,
      "avg_reward": 1.8506837274358017,
      "user_utility": 231.27979965691102,
      "provider_utility": 0.2627062499999996,
      "total_prompt_tokens": 333060,
      "total_completion_tokens": 60478,
      "total_tokens": 393538,
      "avg_tokens_per_delegation": 3123.3174603174602
    },
    {
      "delegations": 126,
      "total_price": 2.5063410000000004,
      "total_reward": 334.8905536884134,
      "total_cost": 1.2531705000000002,
      "avg_reward": 2.65786153720963,
      "user_utility": 332.38421268841336,
      "provider_utility": 0.0,
      "total_prompt_tokens": 361602,
      "total_completion_tokens": 94769,
      "total_tokens": 456371,
      "avg_tokens_per_delegation": 3621.9920634920636
    },
    {
      "delegations": 126,
      "total_price": 1.9090829999999999,
      "total_reward": 231.68969742044888,
      "total_cost": 0.7129960000000002,
      "avg_reward": 1.8388071223845146,
      "user_utility": 229.78061442044887,
      "provider_utility": 0.24154549999999975,
      "total_prompt_tokens": 327216,
      "total_completion_tokens": 61829,
      "total_tokens": 389045,
      "avg_tokens_per_delegation": 3087.65873015873
    }
  ]
}