{
  "total_time": 1000,
  "total_delegations": 378,
  "best_provider_idx": 0,
  "providers": [
    {
      "delegations": 126,
      "total_price": 1.9063499999999993,
      "total_reward": 139.9116897941466,
      "total_cost": 0.6904687500000001,
      "avg_reward": 1.110410236461481,
      "user_utility": 138.0053397941466,
      "provider_utility": 0.2627062499999996,
      "total_prompt_tokens": 333060,
      "total_completion_tokens": 60478,
      "total_tokens": 393538,
      "avg_tokens_per_delegation": 3123.3174603174602
    },
    {
      "delegations": 126,
      "total_price": 2.5063410000000004,
      "total_reward": 200.93433221304807,
      "total_cost": 1.2531705000000002,
      "avg_reward": 1.594716922325778,
      "user_utility": 198.42799121304807,
      "provider_utility": 0.0,
      "total_prompt_tokens": 361602,
      "total_completion_tokens": 94769,
      "total_tokens": 456371,
      "avg_tokens_per_delegation": 3621.9920634920636
    },
    {
      "delegations": 126,
      "total_price": 1.9090829999999999,
      "total_reward": 139.01381845226933,
      "total_cost": 0.7129960000000002,
      "avg_reward": 1.1032842734307087,
      "user_utility": 137.10473545226932,
      "provider_utility": 0.24154549999999975,
      "total_prompt_tokens": 327216,
      "total_completion_tokens": 61829,
      "total_tokens": 389045,
      "avg_tokens_per_delegation": 3087.65873015873
    }
  ]
}