{
  "total_time": 1000,
  "total_delegations": 942,
  "best_provider_idx": 1,
  "providers": [
    {
      "delegations": 6,
      "total_price": 1.4360549999999999,
      "total_reward": 12.165029329572178,
      "total_cost": 0.21460935000000003,
      "avg_reward": 2.0275048882620297,
      "profit": 10.728974329572178,
      "provider_utility": 0.07260164999999996,
      "total_prompt_tokens": 14393,
      "total_completion_tokens": 20336,
      "total_tokens": 34729,
      "avg_tokens_per_delegation": 5788.166666666667
    },
    {
      "delegations": 930,
      "total_price": 5.181378399999993,
      "total_reward": 2766.306583887296,
      "total_cost": 0.4997851800000002,
      "avg_reward": 2.9745232084809645,
      "profit": 2761.1252054872957,
      "provider_utility": 2.609041859999995,
      "total_prompt_tokens": 2255460,
      "total_completion_tokens": 613721,
      "total_tokens": 2869181,
      "avg_tokens_per_delegation": 3085.1408602150536
    },
    {
      "delegations": 6,
      "total_price": 0.5025900000000001,
      "total_reward": 11.733015354211005,
      "total_cost": 0.10752360000000002,
      "avg_reward": 1.9555025590351676,
      "profit": 11.230425354211006,
      "provider_utility": 0.09351240000000002,
      "total_prompt_tokens": 14349,
      "total_completion_tokens": 1202,
      "total_tokens": 15551,
      "avg_tokens_per_delegation": 2591.8333333333335
    }
  ]
}