{
  "total_time": 1000,
  "total_delegations": 485,
  "best_provider_idx": 0,
  "providers": [
    {
      "delegations": 233,
      "total_price": 4.6335120000000005,
      "total_reward": 1287.9061886392788,
      "total_cost": 2.3167560000000003,
      "avg_reward": 5.527494371842398,
      "user_utility": 1283.2726766392786,
      "provider_utility": 0.0,
      "total_prompt_tokens": 664389,
      "total_completion_tokens": 176023,
      "total_tokens": 840412,
      "avg_tokens_per_delegation": 3606.9184549356223
    },
    {
      "delegations": 126,
      "total_price": 1.8556559999999998,
      "total_reward": 461.0722484238428,
      "total_cost": 0.6701392499999996,
      "avg_reward": 3.6593035589193867,
      "user_utility": 459.21659242384277,
      "provider_utility": 0.25768875000000024,
      "total_prompt_tokens": 334212,
      "total_completion_tokens": 56868,
      "total_tokens": 391080,
      "avg_tokens_per_delegation": 3103.809523809524
    },
    {
      "delegations": 126,
      "total_price": 2.482215,
      "total_reward": 680.5707880482856,
      "total_cost": 1.2411075,
      "avg_reward": 5.401355460700679,
      "user_utility": 678.0885730482856,
      "provider_utility": 0.0,
      "total_prompt_tokens": 364050,
      "total_completion_tokens": 92671,
      "total_tokens": 456721,
      "avg_tokens_per_delegation": 3624.7698412698414
    }
  ]
}