{
  "total_time": 1000,
  "total_delegations": 425,
  "best_provider_idx": 0,
  "providers": [
    {
      "delegations": 173,
      "total_price": 3.470583,
      "total_reward": 485.7487934083709,
      "total_cost": 1.7352915,
      "avg_reward": 2.8077964936900055,
      "user_utility": 482.2782104083709,
      "provider_utility": 0.0,
      "total_prompt_tokens": 494811,
      "total_completion_tokens": 132410,
      "total_tokens": 627221,
      "avg_tokens_per_delegation": 3625.5549132947976
    },
    {
      "delegations": 126,
      "total_price": 1.8719759999999994,
      "total_reward": 230.3080913058495,
      "total_cost": 0.6710182499999997,
      "avg_reward": 1.827841994490869,
      "user_utility": 228.4361153058495,
      "provider_utility": 0.26496975,
      "total_prompt_tokens": 334842,
      "total_completion_tokens": 57830,
      "total_tokens": 392672,
      "avg_tokens_per_delegation": 3116.4444444444443
    },
    {
      "delegations": 126,
      "total_price": 2.4952049999999995,
      "total_reward": 340.8707369354903,
      "total_cost": 1.2476024999999997,
      "avg_reward": 2.7053233090118267,
      "user_utility": 338.3755319354903,
      "provider_utility": 0.0,
      "total_prompt_tokens": 364320,
      "total_completion_tokens": 93483,
      "total_tokens": 457803,
      "avg_tokens_per_delegation": 3633.3571428571427
    }
  ]
}