{
  "total_time": 1000,
  "total_delegations": 942,
  "best_provider_idx": 1,
  "providers": [
    {
      "delegations": 6,
      "total_price": 0.44648999999999994,
      "total_reward": 13.498362662905512,
      "total_cost": 0.00089298,
      "avg_reward": 2.249727110484252,
      "profit": 13.051872662905511,
      "provider_utility": 0.08840501999999999,
      "total_prompt_tokens": 14394,
      "total_completion_tokens": 3843,
      "total_tokens": 18237,
      "avg_tokens_per_delegation": 3039.5
    },
    {
      "delegations": 930,
      "total_price": 5.283230699999992,
      "total_reward": 2774.0342675031147,
      "total_cost": 0.5691463200000004,
      "avg_reward": 2.982832545702276,
      "profit": 2768.751036803115,
      "provider_utility": 2.6007920999999943,
      "total_prompt_tokens": 2255469,
      "total_completion_tokens": 636867,
      "total_tokens": 2892336,
      "avg_tokens_per_delegation": 3110.0387096774193
    },
    {
      "delegations": 6,
      "total_price": 0.5528700000000001,
      "total_reward": 16.55832999951993,
      "total_cost": 0.08106940000000001,
      "avg_reward": 2.759721666586655,
      "profit": 16.005459999519932,
      "provider_utility": 0.14007860000000003,
      "total_prompt_tokens": 14349,
      "total_completion_tokens": 2040,
      "total_tokens": 16389,
      "avg_tokens_per_delegation": 2731.5
    }
  ]
}