{
  "total_time": 1000,
  "total_delegations": 948,
  "best_provider_idx": 1,
  "providers": [
    {
      "delegations": 6,
      "total_price": 0.44648999999999994,
      "total_reward": 13.498362662905512,
      "total_cost": 0.00089298,
      "avg_reward": 2.249727110484252,
      "profit": 13.051872662905511,
      "provider_utility": 0.08840501999999999,
      "total_prompt_tokens": 14394,
      "total_completion_tokens": 3843,
      "total_tokens": 18237,
      "avg_tokens_per_delegation": 3039.5
    },
    {
      "delegations": 936,
      "total_price": 20.464853200000043,
      "total_reward": 3792.6458749994335,
      "total_cost": 10.905539310000004,
      "avg_reward": 4.051972088674612,
      "profit": 3772.1810217994334,
      "provider_utility": 1.3733726100000219,
      "total_prompt_tokens": 2271564,
      "total_completion_tokens": 4083212,
      "total_tokens": 6354776,
      "avg_tokens_per_delegation": 6789.290598290599
    },
    {
      "delegations": 6,
      "total_price": 0.53301,
      "total_reward": 15.892756156886591,
      "total_cost": 0.21320400000000003,
      "avg_reward": 2.648792692814432,
      "profit": 15.35974615688659,
      "provider_utility": -2.7755575615628914e-17,
      "total_prompt_tokens": 14349,
      "total_completion_tokens": 1709,
      "total_tokens": 16058,
      "avg_tokens_per_delegation": 2676.3333333333335
    }
  ]
}