{
  "total_time": 1000,
  "total_delegations": 946,
  "best_provider_idx": 2,
  "providers": [
    {
      "delegations": 6,
      "total_price": 2.2095,
      "total_reward": 16.032837445573296,
      "total_cost": 0.39944979,
      "avg_reward": 2.672139574262216,
      "profit": 13.823337445573296,
      "provider_utility": 0.04245020999999993,
      "total_prompt_tokens": 14496,
      "total_completion_tokens": 33201,
      "total_tokens": 47697,
      "avg_tokens_per_delegation": 7949.5
    },
    {
      "delegations": 6,
      "total_price": 0.0325391,
      "total_reward": 18.683474576271184,
      "total_cost": 0.0030450900000000003,
      "avg_reward": 3.1139124293785305,
      "profit": 18.650935476271183,
      "provider_utility": 0.01647837,
      "total_prompt_tokens": 14925,
      "total_completion_tokens": 3664,
      "total_tokens": 18589,
      "avg_tokens_per_delegation": 3098.1666666666665
    },
    {
      "delegations": 934,
      "total_price": 85.21640999999995,
      "total_reward": 1980.9840375048634,
      "total_cost": 12.359034000000001,
      "avg_reward": 2.120967920240752,
      "profit": 1895.7676275048634,
      "provider_utility": 21.72752999999998,
      "total_prompt_tokens": 2268321,
      "total_completion_tokens": 286113,
      "total_tokens": 2554434,
      "avg_tokens_per_delegation": 2734.9400428265526
    }
  ]
}