{
  "total_time": 1000000,
  "total_delegations": 45926,
  "best_provider_idx": 0,
  "R": 914151,
  "delta1": 11.195840192374956,
  "delta2": 0.0,
  "delta3": null,
  "M": 0.23637291771156435,
  "providers": [
    {
      "delegations": 20761,
      "delta": 2.2150010249740233,
      "total_output_tokens": 208234210.0,
      "total_reported_output_tokens": 448474737.0,
      "total_reported_price": 4484.747370000001,
      "total_costs": 595.825836039,
      "total_rewards": 12958.031485004976,
      "total_user_utility": 8473.284115004977,
      "total_provider_utility": 3440.4467969610005
    },
    {
      "delegations": 7962,
      "delta": -0.9527634463984374,
      "total_output_tokens": 86686966.0,
      "total_reported_output_tokens": 303017796.0,
      "total_reported_price": 1333.2783024,
      "total_costs": 170.860009986,
      "total_rewards": 4310.480185842417,
      "total_user_utility": 2977.201883442416,
      "total_provider_utility": 1029.090462174
    },
    {
      "delegations": 17203,
      "delta": 2.321459131580927,
      "total_output_tokens": 158300883.0,
      "total_reported_output_tokens": 518563244.0,
      "total_reported_price": 2281.6782736,
      "total_costs": 342.562812345,
      "total_rewards": 9537.657131501752,
      "total_user_utility": 7255.978857901751,
      "total_provider_utility": 1710.947633895
    }
  ]
}