{
  "total_time": 1000,
  "total_delegations": 957,
  "best_provider_idx": 0,
  "providers": [
    {
      "delegations": 945,
      "total_price": 638.0514149999998,
      "total_reward": 4113.280201529918,
      "total_cost": 127.61028299999981,
      "avg_reward": 4.352677461936422,
      "profit": 3475.2287865299177,
      "provider_utility": 1.5631940186722204e-13,
      "total_prompt_tokens": 2294625,
      "total_completion_tokens": 10060534,
      "total_tokens": 12355159,
      "avg_tokens_per_delegation": 13074.242328042328
    },
    {
      "delegations": 6,
      "total_price": 0.031501799999999996,
      "total_reward": 16.28651075198178,
      "total_cost": 0.0029061000000000004,
      "avg_reward": 2.71441845866363,
      "profit": 16.25500895198178,
      "provider_utility": 0.015994979999999995,
      "total_prompt_tokens": 14790,
      "total_completion_tokens": 3462,
      "total_tokens": 18252,
      "avg_tokens_per_delegation": 3042.0
    },
    {
      "delegations": 6,
      "total_price": 0.5827500000000001,
      "total_reward": 15.29135755548799,
      "total_cost": 0.154587,
      "avg_reward": 2.5485595925813316,
      "profit": 14.708607555487989,
      "provider_utility": 0.07851300000000005,
      "total_prompt_tokens": 14349,
      "total_completion_tokens": 2538,
      "total_tokens": 16887,
      "avg_tokens_per_delegation": 2814.5
    }
  ]
}