{
  "total_time": 1000,
  "total_delegations": 378,
  "best_provider_idx": 2,
  "providers": [
    {
      "delegations": 126,
      "total_price": 1.8881099999999997,
      "total_reward": 224.4889782428363,
      "total_cost": 0.6862052499999999,
      "avg_reward": 1.7816585574828272,
      "user_utility": 222.6008682428363,
      "provider_utility": 0.25784975,
      "total_prompt_tokens": 327075,
      "total_completion_tokens": 60459,
      "total_tokens": 387534,
      "avg_tokens_per_delegation": 3075.6666666666665
    },
    {
      "delegations": 126,
      "total_price": 1.8862769999999998,
      "total_reward": 226.93316881442834,
      "total_cost": 0.6602895000000001,
      "avg_reward": 1.8010568953526056,
      "user_utility": 225.04689181442834,
      "provider_utility": 0.2828489999999998,
      "total_prompt_tokens": 322884,
      "total_completion_tokens": 61175,
      "total_tokens": 384059,
      "avg_tokens_per_delegation": 3048.0873015873017
    },
    {
      "delegations": 126,
      "total_price": 1.877916,
      "total_reward": 228.73983377551073,
      "total_cost": 0.6625507499999999,
      "avg_reward": 1.8153955061548472,
      "user_utility": 226.86191777551073,
      "provider_utility": 0.2764072500000001,
      "total_prompt_tokens": 319962,
      "total_completion_tokens": 61202,
      "total_tokens": 381164,
      "avg_tokens_per_delegation": 3025.1111111111113
    }
  ]
}