{
  "total_time": 1000,
  "total_delegations": 378,
  "best_provider_idx": 2,
  "providers": [
    {
      "delegations": 126,
      "total_price": 1.8881099999999997,
      "total_reward": 134.69338694570175,
      "total_cost": 0.6862052499999999,
      "avg_reward": 1.0689951344896962,
      "user_utility": 132.80527694570173,
      "provider_utility": 0.25784975,
      "total_prompt_tokens": 327075,
      "total_completion_tokens": 60459,
      "total_tokens": 387534,
      "avg_tokens_per_delegation": 3075.6666666666665
    },
    {
      "delegations": 126,
      "total_price": 1.8862769999999998,
      "total_reward": 136.15990128865704,
      "total_cost": 0.6602895000000001,
      "avg_reward": 1.0806341372115638,
      "user_utility": 134.27362428865703,
      "provider_utility": 0.2828489999999998,
      "total_prompt_tokens": 322884,
      "total_completion_tokens": 61175,
      "total_tokens": 384059,
      "avg_tokens_per_delegation": 3048.0873015873017
    },
    {
      "delegations": 126,
      "total_price": 1.877916,
      "total_reward": 137.2439002653065,
      "total_cost": 0.6625507499999999,
      "avg_reward": 1.0892373036929084,
      "user_utility": 135.3659842653065,
      "provider_utility": 0.2764072500000001,
      "total_prompt_tokens": 319962,
      "total_completion_tokens": 61202,
      "total_tokens": 381164,
      "avg_tokens_per_delegation": 3025.1111111111113
    }
  ]
}