{
  "total_time": 1000,
  "total_delegations": 477,
  "best_provider_idx": 0,
  "providers": [
    {
      "delegations": 225,
      "total_price": 3.415134000000002,
      "total_reward": 776.0941669097392,
      "total_cost": 1.2376329999999995,
      "avg_reward": 3.449307408487731,
      "user_utility": 772.6790329097392,
      "provider_utility": 0.4699340000000014,
      "total_prompt_tokens": 578598,
      "total_completion_tokens": 111956,
      "total_tokens": 690554,
      "avg_tokens_per_delegation": 3069.128888888889
    },
    {
      "delegations": 126,
      "total_price": 1.796346,
      "total_reward": 423.62443297654363,
      "total_cost": 0.5986677499999999,
      "avg_reward": 3.3620986744170116,
      "user_utility": 421.8280869765436,
      "provider_utility": 0.29950525000000006,
      "total_prompt_tokens": 319617,
      "total_completion_tokens": 55833,
      "total_tokens": 375450,
      "avg_tokens_per_delegation": 2979.7619047619046
    },
    {
      "delegations": 126,
      "total_price": 1.9252950000000006,
      "total_reward": 481.01807535582043,
      "total_cost": 0.7116827500000001,
      "avg_reward": 3.817603772665241,
      "user_utility": 479.0927803558204,
      "provider_utility": 0.2509647500000002,
      "total_prompt_tokens": 328440,
      "total_completion_tokens": 62665,
      "total_tokens": 391105,
      "avg_tokens_per_delegation": 3104.0079365079364
    }
  ]
}