{
  "total_time": 1000,
  "total_delegations": 425,
  "best_provider_idx": 0,
  "providers": [
    {
      "delegations": 173,
      "total_price": 2.822307000000003,
      "total_reward": 388.13663784160855,
      "total_cost": 1.14744825,
      "avg_reward": 2.243564380587332,
      "user_utility": 385.3143308416085,
      "provider_utility": 0.26370525000000145,
      "total_prompt_tokens": 465234,
      "total_completion_tokens": 95107,
      "total_tokens": 560341,
      "avg_tokens_per_delegation": 3238.965317919075
    },
    {
      "delegations": 126,
      "total_price": 2.4741779999999993,
      "total_reward": 335.3445477726052,
      "total_cost": 1.2370889999999997,
      "avg_reward": 2.661464664861945,
      "user_utility": 332.8703697726052,
      "provider_utility": 0.0,
      "total_prompt_tokens": 359766,
      "total_completion_tokens": 92992,
      "total_tokens": 452758,
      "avg_tokens_per_delegation": 3593.3174603174602
    },
    {
      "delegations": 126,
      "total_price": 1.8332430000000004,
      "total_reward": 232.76769710985718,
      "total_cost": 0.6606712499999998,
      "avg_reward": 1.8473626754750563,
      "user_utility": 230.93445410985717,
      "provider_utility": 0.2559502500000004,
      "total_prompt_tokens": 334866,
      "total_completion_tokens": 55243,
      "total_tokens": 390109,
      "avg_tokens_per_delegation": 3096.1031746031745
    }
  ]
}