{
  "total_time": 1000,
  "total_delegations": 1000,
  "best_provider_idx": 0,
  "providers": [
    {
      "delegations": 441,
      "total_price": 14.840970099999996,
      "total_reward": 24.83505748405214,
      "total_cost": 3.9821088519999996,
      "avg_reward": 0.05631532309308866,
      "profit": 9.994087384052143,
      "provider_utility": 1.9542791879999992,
      "total_prompt_tokens": 1071315,
      "total_completion_tokens": 3105119,
      "total_tokens": 4176434,
      "avg_tokens_per_delegation": 9470.371882086169
    },
    {
      "delegations": 378,
      "total_price": 257.14565999999996,
      "total_reward": 25.03875038925276,
      "total_cost": 154.2873959999998,
      "avg_reward": 0.06624008039484838,
      "profit": -232.1069096107472,
      "provider_utility": 1.7053025658242404e-13,
      "total_prompt_tokens": 917964,
      "total_completion_tokens": 4056270,
      "total_tokens": 4974234,
      "avg_tokens_per_delegation": 13159.349206349207
    },
    {
      "delegations": 181,
      "total_price": 17.87736,
      "total_reward": 5.9364670228736305,
      "total_cost": 1.1058116100000013,
      "avg_reward": 0.03279816034736814,
      "profit": -11.940892977126369,
      "provider_utility": 2.4696603899999987,
      "total_prompt_tokens": 439644,
      "total_completion_tokens": 78134,
      "total_tokens": 517778,
      "avg_tokens_per_delegation": 2860.6519337016575
    }
  ]
}