{
  "total_time": 1000,
  "total_delegations": 475,
  "best_provider_idx": 1,
  "providers": [
    {
      "delegations": 126,
      "total_price": 1.8884100000000001,
      "total_reward": 414.6686668420553,
      "total_cost": 0.6662717499999995,
      "avg_reward": 3.2910211654131363,
      "user_utility": 412.7802568420553,
      "provider_utility": 0.2779332500000006,
      "total_prompt_tokens": 321735,
      "total_completion_tokens": 61547,
      "total_tokens": 383282,
      "avg_tokens_per_delegation": 3041.9206349206347
    },
    {
      "delegations": 223,
      "total_price": 4.404621,
      "total_reward": 1216.3916143828997,
      "total_cost": 2.2023105,
      "avg_reward": 5.454670916515246,
      "user_utility": 1211.9869933828998,
      "provider_utility": 0.0,
      "total_prompt_tokens": 636507,
      "total_completion_tokens": 166340,
      "total_tokens": 802847,
      "avg_tokens_per_delegation": 3600.2107623318384
    },
    {
      "delegations": 126,
      "total_price": 1.834548,
      "total_reward": 466.18746380466644,
      "total_cost": 0.6606915,
      "avg_reward": 3.699900506386239,
      "user_utility": 464.35291580466645,
      "provider_utility": 0.25658250000000005,
      "total_prompt_tokens": 334416,
      "total_completion_tokens": 55420,
      "total_tokens": 389836,
      "avg_tokens_per_delegation": 3093.936507936508
    }
  ]
}