{
  "total_time": 1000,
  "total_delegations": 378,
  "best_provider_idx": 1,
  "providers": [
    {
      "delegations": 126,
      "total_price": 1.8675030000000001,
      "total_reward": 223.2982222520714,
      "total_cost": 0.6573402499999997,
      "avg_reward": 1.772208113111678,
      "user_utility": 221.4307192520714,
      "provider_utility": 0.27641125000000033,
      "total_prompt_tokens": 321051,
      "total_completion_tokens": 60290,
      "total_tokens": 381341,
      "avg_tokens_per_delegation": 3026.5158730158732
    },
    {
      "delegations": 126,
      "total_price": 2.482425,
      "total_reward": 359.727022460549,
      "total_cost": 1.2412125,
      "avg_reward": 2.8549763687345164,
      "user_utility": 357.244597460549,
      "provider_utility": 0.0,
      "total_prompt_tokens": 359820,
      "total_completion_tokens": 93531,
      "total_tokens": 453351,
      "avg_tokens_per_delegation": 3598.0238095238096
    },
    {
      "delegations": 126,
      "total_price": 1.8428429999999996,
      "total_reward": 233.5553678447256,
      "total_cost": 0.6611062500000002,
      "avg_reward": 1.853614030513695,
      "user_utility": 231.7125248447256,
      "provider_utility": 0.26031524999999955,
      "total_prompt_tokens": 334416,
      "total_completion_tokens": 55973,
      "total_tokens": 390389,
      "avg_tokens_per_delegation": 3098.3253968253966
    }
  ]
}