{
  "total_time": 1000,
  "total_delegations": 378,
  "best_provider_idx": 1,
  "providers": [
    {
      "delegations": 126,
      "total_price": 1.8675030000000001,
      "total_reward": 133.9789333512429,
      "total_cost": 0.6573402499999997,
      "avg_reward": 1.0633248678670069,
      "user_utility": 132.1114303512429,
      "provider_utility": 0.27641125000000033,
      "total_prompt_tokens": 321051,
      "total_completion_tokens": 60290,
      "total_tokens": 381341,
      "avg_tokens_per_delegation": 3026.5158730158732
    },
    {
      "delegations": 126,
      "total_price": 2.482425,
      "total_reward": 215.83621347632933,
      "total_cost": 1.2412125,
      "avg_reward": 1.7129858212407096,
      "user_utility": 213.35378847632933,
      "provider_utility": 0.0,
      "total_prompt_tokens": 359820,
      "total_completion_tokens": 93531,
      "total_tokens": 453351,
      "avg_tokens_per_delegation": 3598.0238095238096
    },
    {
      "delegations": 126,
      "total_price": 1.8428429999999996,
      "total_reward": 140.13322070683532,
      "total_cost": 0.6611062500000002,
      "avg_reward": 1.112168418308217,
      "user_utility": 138.29037770683533,
      "provider_utility": 0.26031524999999955,
      "total_prompt_tokens": 334416,
      "total_completion_tokens": 55973,
      "total_tokens": 390389,
      "avg_tokens_per_delegation": 3098.3253968253966
    }
  ]
}