{
  "total_time": 1000000,
  "total_delegations": 952215,
  "best_provider_idx": 0,
  "R": 903623,
  "delta1": 11.195840192374956,
  "delta2": 0.0,
  "delta3": null,
  "M": 0.23637291771156435,
  "providers": [
    {
      "delegations": 920315,
      "delta": 2.192934765104638,
      "total_output_tokens": 6155106735.0,
      "total_reported_output_tokens": 6501812620.0,
      "total_reported_price": 65018.1262,
      "total_costs": 54432.64071276299,
      "total_rewards": 906443.2897013045,
      "total_user_utility": 841425.1635013042,
      "total_provider_utility": 4083.672867237001
    },
    {
      "delegations": 14730,
      "delta": 1.7001530434423726,
      "total_output_tokens": 149589109.0,
      "total_reported_output_tokens": 442456598.0,
      "total_reported_price": 1946.8090311999997,
      "total_costs": 361.215363123,
      "total_rewards": 8943.160168085169,
      "total_user_utility": 6996.351136885168,
      "total_provider_utility": 1390.912764957
    },
    {
      "delegations": 17170,
      "delta": 2.3130037407620696,
      "total_output_tokens": 158455337.0,
      "total_reported_output_tokens": 517454149.0,
      "total_reported_price": 2276.7982555999997,
      "total_costs": 343.15926417000003,
      "total_rewards": 9334.505161502204,
      "total_user_utility": 7057.706905902204,
      "total_provider_utility": 1705.95916587
    }
  ]
}