{
  "total_time": 1000,
  "total_delegations": 941,
  "best_provider_idx": 1,
  "providers": [
    {
      "delegations": 6,
      "total_price": 2.4337649999999997,
      "total_reward": 16.018087855297157,
      "total_cost": 0.32445045,
      "avg_reward": 2.669681309216193,
      "profit": 13.584322855297158,
      "provider_utility": 0.16230255,
      "total_prompt_tokens": 14791,
      "total_completion_tokens": 36865,
      "total_tokens": 51656,
      "avg_tokens_per_delegation": 8609.333333333334
    },
    {
      "delegations": 929,
      "total_price": 5.176137999999993,
      "total_reward": 2760.93449086404,
      "total_cost": 0.4993115400000002,
      "avg_reward": 2.9719424013606472,
      "profit": 2755.7583528640403,
      "provider_utility": 2.606371259999995,
      "total_prompt_tokens": 2252920,
      "total_completion_tokens": 613165,
      "total_tokens": 2866085,
      "avg_tokens_per_delegation": 3085.129171151776
    },
    {
      "delegations": 6,
      "total_price": 0.54315,
      "total_reward": 16.43121769534813,
      "total_cost": 0.21726000000000004,
      "avg_reward": 2.7385362825580217,
      "profit": 15.88806769534813,
      "provider_utility": -2.7755575615628914e-17,
      "total_prompt_tokens": 14379,
      "total_completion_tokens": 1863,
      "total_tokens": 16242,
      "avg_tokens_per_delegation": 2707.0
    }
  ]
}