{
  "total_time": 1000,
  "total_delegations": 378,
  "best_provider_idx": 2,
  "providers": [
    {
      "delegations": 126,
      "total_price": 1.9054950000000006,
      "total_reward": 188.05584536419266,
      "total_cost": 0.695903,
      "avg_reward": 1.4925067092396247,
      "user_utility": 186.15035036419266,
      "provider_utility": 0.25684450000000025,
      "total_prompt_tokens": 323625,
      "total_completion_tokens": 62308,
      "total_tokens": 385933,
      "avg_tokens_per_delegation": 3062.9603174603176
    },
    {
      "delegations": 126,
      "total_price": 1.225932,
      "total_reward": 132.8778958533235,
      "total_cost": 0.09197550000000004,
      "avg_reward": 1.054586475026377,
      "user_utility": 131.6519638533235,
      "provider_utility": 0.5209904999999999,
      "total_prompt_tokens": 306789,
      "total_completion_tokens": 20371,
      "total_tokens": 327160,
      "avg_tokens_per_delegation": 2596.5079365079364
    },
    {
      "delegations": 126,
      "total_price": 2.463882000000001,
      "total_reward": 357.415004237826,
      "total_cost": 1.2319410000000004,
      "avg_reward": 2.8366270177605233,
      "user_utility": 354.951122237826,
      "provider_utility": 0.0,
      "total_prompt_tokens": 360504,
      "total_completion_tokens": 92158,
      "total_tokens": 452662,
      "avg_tokens_per_delegation": 3592.5555555555557
    }
  ]
}