{
  "total_time": 1000,
  "total_delegations": 383,
  "best_provider_idx": 2,
  "providers": [
    {
      "delegations": 126,
      "total_price": 1.914123,
      "total_reward": 395.9239065075584,
      "total_cost": 0.6984290000000004,
      "avg_reward": 3.1422532262504648,
      "user_utility": 394.0097835075584,
      "provider_utility": 0.2586324999999996,
      "total_prompt_tokens": 324246,
      "total_completion_tokens": 62759,
      "total_tokens": 387005,
      "avg_tokens_per_delegation": 3071.468253968254
    },
    {
      "delegations": 126,
      "total_price": 1.227657,
      "total_reward": 270.18717838441535,
      "total_cost": 0.09209775000000003,
      "avg_reward": 2.144342685590598,
      "user_utility": 268.9595213844153,
      "provider_utility": 0.5217307499999999,
      "total_prompt_tokens": 307149,
      "total_completion_tokens": 20414,
      "total_tokens": 327563,
      "avg_tokens_per_delegation": 2599.7063492063494
    },
    {
      "delegations": 131,
      "total_price": 2.5621320000000005,
      "total_reward": 736.0297594289242,
      "total_cost": 1.2810660000000003,
      "avg_reward": 5.618547781900184,
      "user_utility": 733.4676274289242,
      "provider_utility": 0.0,
      "total_prompt_tokens": 374859,
      "total_completion_tokens": 95837,
      "total_tokens": 470696,
      "avg_tokens_per_delegation": 3593.0992366412215
    }
  ]
}