{
  "total_time": 1000,
  "total_delegations": 378,
  "best_provider_idx": 2,
  "providers": [
    {
      "delegations": 126,
      "total_price": 1.9054950000000006,
      "total_reward": 112.83350721851563,
      "total_cost": 0.695903,
      "avg_reward": 0.8955040255437747,
      "user_utility": 110.92801221851563,
      "provider_utility": 0.25684450000000025,
      "total_prompt_tokens": 323625,
      "total_completion_tokens": 62308,
      "total_tokens": 385933,
      "avg_tokens_per_delegation": 3062.9603174603176
    },
    {
      "delegations": 126,
      "total_price": 1.225932,
      "total_reward": 79.72673751199407,
      "total_cost": 0.09197550000000004,
      "avg_reward": 0.6327518850158262,
      "user_utility": 78.50080551199407,
      "provider_utility": 0.5209904999999999,
      "total_prompt_tokens": 306789,
      "total_completion_tokens": 20371,
      "total_tokens": 327160,
      "avg_tokens_per_delegation": 2596.5079365079364
    },
    {
      "delegations": 126,
      "total_price": 2.463882000000001,
      "total_reward": 214.4490025426955,
      "total_cost": 1.2319410000000004,
      "avg_reward": 1.701976210656314,
      "user_utility": 211.98512054269548,
      "provider_utility": 0.0,
      "total_prompt_tokens": 360504,
      "total_completion_tokens": 92158,
      "total_tokens": 452662,
      "avg_tokens_per_delegation": 3592.5555555555557
    }
  ]
}