{
  "total_time": 1000,
  "total_delegations": 943,
  "best_provider_idx": 1,
  "providers": [
    {
      "delegations": 6,
      "total_price": 2.2151850000000004,
      "total_reward": 19.65273132664437,
      "total_cost": 0.39946116000000004,
      "avg_reward": 3.275455221107395,
      "profit": 17.43754632664437,
      "provider_utility": 0.04357584000000009,
      "total_prompt_tokens": 14211,
      "total_completion_tokens": 33367,
      "total_tokens": 47578,
      "avg_tokens_per_delegation": 7929.666666666667
    },
    {
      "delegations": 931,
      "total_price": 5.287466799999992,
      "total_reward": 2777.2900814566033,
      "total_cost": 0.5694969900000004,
      "avg_reward": 2.9831257588148277,
      "profit": 2772.0026146566033,
      "provider_utility": 2.602983089999994,
      "total_prompt_tokens": 2257784,
      "total_completion_tokens": 637251,
      "total_tokens": 2895035,
      "avg_tokens_per_delegation": 3109.5972073039743
    },
    {
      "delegations": 6,
      "total_price": 0.60921,
      "total_reward": 11.898605796719004,
      "total_cost": 0.08324980000000001,
      "avg_reward": 1.983100966119834,
      "profit": 11.289395796719003,
      "provider_utility": 0.1604342,
      "total_prompt_tokens": 14589,
      "total_completion_tokens": 2859,
      "total_tokens": 17448,
      "avg_tokens_per_delegation": 2908.0
    }
  ]
}