{
  "total_time": 1000000,
  "total_delegations": 43403,
  "best_provider_idx": 0,
  "R": 916719,
  "delta1": 11.195840192374956,
  "delta2": 0.0,
  "delta3": null,
  "M": 0.23637291771156435,
  "providers": [
    {
      "delegations": 20740,
      "delta": 2.209845815876847,
      "total_output_tokens": 175107378.0,
      "total_reported_output_tokens": 664318968.0,
      "total_reported_price": 6643.189680000001,
      "total_costs": 905.520679713,
      "total_rewards": 16536.029652851335,
      "total_user_utility": 9892.839972851338,
      "total_provider_utility": 5073.350032287
    },
    {
      "delegations": 14701,
      "delta": 1.6928648587792172,
      "total_output_tokens": 149305103.0,
      "total_reported_output_tokens": 441103721.0,
      "total_reported_price": 1940.8563723999998,
      "total_costs": 360.159938442,
      "total_rewards": 8808.177732154627,
      "total_user_utility": 6867.321359754627,
      "total_provider_utility": 1386.610796718
    },
    {
      "delegations": 7962,
      "delta": -0.9691034145767468,
      "total_output_tokens": 85971586.0,
      "total_reported_output_tokens": 303017796.0,
      "total_reported_price": 1333.2783024,
      "total_costs": 169.449996006,
      "total_rewards": 4271.154121214729,
      "total_user_utility": 2937.875818814728,
      "total_provider_utility": 1030.5004761540001
    }
  ]
}