{
  "total_time": 1000,
  "total_delegations": 378,
  "best_provider_idx": 1,
  "providers": [
    {
      "delegations": 126,
      "total_price": 1.2568920000000006,
      "total_reward": 257.3182989634678,
      "total_cost": 0.09350549999999996,
      "avg_reward": 2.042208721932284,
      "user_utility": 256.0614069634678,
      "provider_utility": 0.5349405000000003,
      "total_prompt_tokens": 306609,
      "total_completion_tokens": 22471,
      "total_tokens": 329080,
      "avg_tokens_per_delegation": 2611.746031746032
    },
    {
      "delegations": 126,
      "total_price": 1.8666659999999995,
      "total_reward": 451.19875252353984,
      "total_cost": 0.6706267500000002,
      "avg_reward": 3.5809424803455534,
      "user_utility": 449.33208652353983,
      "provider_utility": 0.2627062499999996,
      "total_prompt_tokens": 333582,
      "total_completion_tokens": 57728,
      "total_tokens": 391310,
      "avg_tokens_per_delegation": 3105.6349206349205
    },
    {
      "delegations": 126,
      "total_price": 1.903422,
      "total_reward": 471.9598438637068,
      "total_cost": 0.7047585,
      "avg_reward": 3.7457130465373547,
      "user_utility": 470.0564218637068,
      "provider_utility": 0.24695250000000002,
      "total_prompt_tokens": 325554,
      "total_completion_tokens": 61784,
      "total_tokens": 387338,
      "avg_tokens_per_delegation": 3074.1111111111113
    }
  ]
}