{
  "total_time": 1000,
  "total_delegations": 1000,
  "best_provider_idx": 0,
  "providers": [
    {
      "delegations": 567,
      "total_price": 3.1782354999999987,
      "total_reward": 23.67154647973552,
      "total_cost": 0.20499442000000007,
      "avg_reward": 0.041748759223519456,
      "profit": 20.493310979735522,
      "provider_utility": 1.0662997799999996,
      "total_prompt_tokens": 1375965,
      "total_completion_tokens": 378335,
      "total_tokens": 1754300,
      "avg_tokens_per_delegation": 3094.0035273368608
    },
    {
      "delegations": 307,
      "total_price": 57.66068999999993,
      "total_reward": 9.226985851996897,
      "total_cost": 27.963271799999998,
      "avg_reward": 0.030055328508133226,
      "profit": -48.43370414800303,
      "provider_utility": 6.633142199999963,
      "total_prompt_tokens": 747450,
      "total_completion_tokens": 774149,
      "total_tokens": 1521599,
      "avg_tokens_per_delegation": 4956.348534201954
    },
    {
      "delegations": 126,
      "total_price": 12.372359999999999,
      "total_reward": 4.537730459770369,
      "total_cost": 0.7324634099999998,
      "avg_reward": 0.03601373380770134,
      "profit": -7.8346295402296295,
      "provider_utility": 1.7420085900000002,
      "total_prompt_tokens": 304554,
      "total_completion_tokens": 53929,
      "total_tokens": 358483,
      "avg_tokens_per_delegation": 2845.1031746031745
    }
  ]
}