{
  "total_time": 1000,
  "total_delegations": 942,
  "best_provider_idx": 1,
  "providers": [
    {
      "delegations": 6,
      "total_price": 0.44648999999999994,
      "total_reward": 13.498362662905512,
      "total_cost": 0.00089298,
      "avg_reward": 2.249727110484252,
      "profit": 13.051872662905511,
      "provider_utility": 0.08840501999999999,
      "total_prompt_tokens": 14394,
      "total_completion_tokens": 3843,
      "total_tokens": 18237,
      "avg_tokens_per_delegation": 3039.5
    },
    {
      "delegations": 930,
      "total_price": 30.593681800000013,
      "total_reward": 3569.4906728385213,
      "total_cost": 12.571363878000016,
      "avg_reward": 3.8381620138048596,
      "profit": 3538.8969910385213,
      "provider_utility": 5.784845201999991,
      "total_prompt_tokens": 2257010,
      "total_completion_tokens": 6388857,
      "total_tokens": 8645867,
      "avg_tokens_per_delegation": 9296.6311827957
    },
    {
      "delegations": 6,
      "total_price": 0.59301,
      "total_reward": 18.73913423532989,
      "total_cost": 0.0182538,
      "avg_reward": 3.123189039221648,
      "profit": 18.14612423532989,
      "provider_utility": 0.21895020000000004,
      "total_prompt_tokens": 14349,
      "total_completion_tokens": 2709,
      "total_tokens": 17058,
      "avg_tokens_per_delegation": 2843.0
    }
  ]
}