{
  "total_time": 1000000,
  "total_delegations": 952310,
  "best_provider_idx": 0,
  "R": 903726,
  "delta1": 11.195840192374956,
  "delta2": 0.0,
  "delta3": null,
  "M": 0.23637291771156435,
  "providers": [
    {
      "delegations": 920512,
      "delta": 2.2165788742331523,
      "total_output_tokens": 6162962114.0,
      "total_reported_output_tokens": 6511632852.0,
      "total_reported_price": 65116.328520000025,
      "total_costs": 54492.00416539201,
      "total_rewards": 906658.4739961888,
      "total_user_utility": 841542.1454761887,
      "total_provider_utility": 4112.6915026080005
    },
    {
      "delegations": 14665,
      "delta": 1.6838587701298422,
      "total_output_tokens": 149221971.0,
      "total_reported_output_tokens": 439923227.0,
      "total_reported_price": 1935.6621988,
      "total_costs": 360.373187736,
      "total_rewards": 8912.68477799285,
      "total_user_utility": 6977.022579192849,
      "total_provider_utility": 1381.722791184
    },
    {
      "delegations": 17133,
      "delta": 2.303610833279944,
      "total_output_tokens": 157963463.0,
      "total_reported_output_tokens": 516103169.0,
      "total_reported_price": 2270.8539436,
      "total_costs": 342.30348369,
      "total_rewards": 9430.841411367008,
      "total_user_utility": 7159.987467767008,
      "total_provider_utility": 1701.4650655500002
    }
  ]
}