{
  "total_time": 1000,
  "total_delegations": 484,
  "best_provider_idx": 2,
  "providers": [
    {
      "delegations": 126,
      "total_price": 1.8844860000000005,
      "total_reward": 428.3419067950678,
      "total_cost": 0.6535897499999999,
      "avg_reward": 3.3995389428179985,
      "user_utility": 426.45742079506783,
      "provider_utility": 0.2886532500000004,
      "total_prompt_tokens": 322257,
      "total_completion_tokens": 61181,
      "total_tokens": 383438,
      "avg_tokens_per_delegation": 3043.15873015873
    },
    {
      "delegations": 126,
      "total_price": 1.8997799999999985,
      "total_reward": 444.0239982929859,
      "total_cost": 0.69413775,
      "avg_reward": 3.5239999864522678,
      "user_utility": 442.12421829298586,
      "provider_utility": 0.25575224999999924,
      "total_prompt_tokens": 328650,
      "total_completion_tokens": 60922,
      "total_tokens": 389572,
      "avg_tokens_per_delegation": 3091.84126984127
    },
    {
      "delegations": 232,
      "total_price": 4.553052000000001,
      "total_reward": 1264.034531329476,
      "total_cost": 2.2765260000000005,
      "avg_reward": 5.448424704006364,
      "user_utility": 1259.481479329476,
      "provider_utility": 0.0,
      "total_prompt_tokens": 662724,
      "total_completion_tokens": 170992,
      "total_tokens": 833716,
      "avg_tokens_per_delegation": 3593.603448275862
    }
  ]
}