{
  "total_time": 1000,
  "total_delegations": 378,
  "best_provider_idx": 2,
  "providers": [
    {
      "delegations": 126,
      "total_price": 1.8879210000000004,
      "total_reward": 121.21922769438116,
      "total_cost": 0.6768097499999998,
      "avg_reward": 0.9620573626538187,
      "user_utility": 119.33130669438115,
      "provider_utility": 0.26715075000000044,
      "total_prompt_tokens": 325047,
      "total_completion_tokens": 60852,
      "total_tokens": 385899,
      "avg_tokens_per_delegation": 3062.690476190476
    },
    {
      "delegations": 126,
      "total_price": 1.8268439999999997,
      "total_reward": 118.64044458414807,
      "total_cost": 0.6429060000000001,
      "avg_reward": 0.941590830032921,
      "user_utility": 116.81360058414808,
      "provider_utility": 0.27051599999999976,
      "total_prompt_tokens": 326538,
      "total_completion_tokens": 56482,
      "total_tokens": 383020,
      "avg_tokens_per_delegation": 3039.84126984127
    },
    {
      "delegations": 126,
      "total_price": 2.463882000000001,
      "total_reward": 214.4490025426955,
      "total_cost": 1.2319410000000004,
      "avg_reward": 1.701976210656314,
      "user_utility": 211.98512054269548,
      "provider_utility": 0.0,
      "total_prompt_tokens": 360504,
      "total_completion_tokens": 92158,
      "total_tokens": 452662,
      "avg_tokens_per_delegation": 3592.5555555555557
    }
  ]
}