{
  "total_time": 1000,
  "total_delegations": 872,
  "best_provider_idx": 1,
  "providers": [
    {
      "delegations": 6,
      "total_price": 4.04514,
      "total_reward": 5.526315789473684,
      "total_cost": 0.61810316,
      "avg_reward": 0.9210526315789473,
      "profit": 1.4811757894736841,
      "provider_utility": 0.1909248400000001,
      "total_prompt_tokens": 14556,
      "total_completion_tokens": 63780,
      "total_tokens": 78336,
      "avg_tokens_per_delegation": 13056.0
    },
    {
      "delegations": 860,
      "total_price": 34.230794400000015,
      "total_reward": 4509.506039923166,
      "total_cost": 20.538476640000006,
      "avg_reward": 5.243611674329263,
      "profit": 4475.275245523166,
      "provider_utility": 3.552713678800501e-15,
      "total_prompt_tokens": 2089240,
      "total_completion_tokens": 7257416,
      "total_tokens": 9346656,
      "avg_tokens_per_delegation": 10868.20465116279
    },
    {
      "delegations": 6,
      "total_price": 0.5283599999999999,
      "total_reward": 17.094586254219056,
      "total_cost": 0.10877400000000001,
      "avg_reward": 2.8490977090365095,
      "profit": 16.566226254219057,
      "provider_utility": 0.10256999999999997,
      "total_prompt_tokens": 14334,
      "total_completion_tokens": 1639,
      "total_tokens": 15973,
      "avg_tokens_per_delegation": 2662.1666666666665
    }
  ]
}