{
  "total_time": 1000000,
  "total_delegations": 52647,
  "best_provider_idx": 0,
  "R": 903637,
  "delta1": 11.195840192374956,
  "delta2": 0.0,
  "delta3": null,
  "M": 0.23637291771156435,
  "providers": [
    {
      "delegations": 20760,
      "delta": 2.214596364577393,
      "total_output_tokens": 174504754.0,
      "total_reported_output_tokens": 664940745.0,
      "total_reported_price": 6649.4074500000015,
      "total_costs": 902.5971665490001,
      "total_rewards": 16613.62622231184,
      "total_user_utility": 9964.218772311837,
      "total_provider_utility": 5081.869538451001
    },
    {
      "delegations": 14705,
      "delta": 1.6938517495271022,
      "total_output_tokens": 122635182.0,
      "total_reported_output_tokens": 122635182.0,
      "total_reported_price": 539.5948008,
      "total_costs": 485.63532072000004,
      "total_rewards": 11413.207683106306,
      "total_user_utility": 10873.612882306305,
      "total_provider_utility": 0.0
    },
    {
      "delegations": 17182,
      "delta": 2.3159849432825568,
      "total_output_tokens": 158859082.0,
      "total_reported_output_tokens": 517693308.0,
      "total_reported_price": 2277.8505552,
      "total_costs": 343.522364472,
      "total_rewards": 9420.332700355091,
      "total_user_utility": 7142.482145155091,
      "total_provider_utility": 1706.543135208
    }
  ]
}