{
  "total_time": 1000,
  "total_delegations": 378,
  "best_provider_idx": 1,
  "providers": [
    {
      "delegations": 126,
      "total_price": 1.8686309999999997,
      "total_reward": 218.24594687131636,
      "total_cost": 0.6760367499999997,
      "avg_reward": 1.7321106894548914,
      "user_utility": 216.37731587131637,
      "provider_utility": 0.2582787500000001,
      "total_prompt_tokens": 322527,
      "total_completion_tokens": 60070,
      "total_tokens": 382597,
      "avg_tokens_per_delegation": 3036.4841269841268
    },
    {
      "delegations": 126,
      "total_price": 1.8666659999999995,
      "total_reward": 225.59937626176992,
      "total_cost": 0.6706267500000002,
      "avg_reward": 1.7904712401727767,
      "user_utility": 223.7327102617699,
      "provider_utility": 0.2627062499999996,
      "total_prompt_tokens": 333582,
      "total_completion_tokens": 57728,
      "total_tokens": 391310,
      "avg_tokens_per_delegation": 3105.6349206349205
    },
    {
      "delegations": 126,
      "total_price": 1.2282720000000003,
      "total_reward": 129.2805977124255,
      "total_cost": 0.09186899999999998,
      "avg_reward": 1.0260364897811547,
      "user_utility": 128.0523257124255,
      "provider_utility": 0.5222670000000001,
      "total_prompt_tokens": 304554,
      "total_completion_tokens": 20974,
      "total_tokens": 325528,
      "avg_tokens_per_delegation": 2583.5555555555557
    }
  ]
}