{
  "total_time": 1000,
  "total_delegations": 378,
  "best_provider_idx": 1,
  "providers": [
    {
      "delegations": 126,
      "total_price": 1.8686309999999997,
      "total_reward": 436.4918937426327,
      "total_cost": 0.6760367499999997,
      "avg_reward": 3.464221378909783,
      "user_utility": 434.62326274263273,
      "provider_utility": 0.2582787500000001,
      "total_prompt_tokens": 322527,
      "total_completion_tokens": 60070,
      "total_tokens": 382597,
      "avg_tokens_per_delegation": 3036.4841269841268
    },
    {
      "delegations": 126,
      "total_price": 1.8666659999999995,
      "total_reward": 451.19875252353984,
      "total_cost": 0.6706267500000002,
      "avg_reward": 3.5809424803455534,
      "user_utility": 449.33208652353983,
      "provider_utility": 0.2627062499999996,
      "total_prompt_tokens": 333582,
      "total_completion_tokens": 57728,
      "total_tokens": 391310,
      "avg_tokens_per_delegation": 3105.6349206349205
    },
    {
      "delegations": 126,
      "total_price": 1.2282720000000003,
      "total_reward": 258.561195424851,
      "total_cost": 0.09186899999999998,
      "avg_reward": 2.0520729795623094,
      "user_utility": 257.332923424851,
      "provider_utility": 0.5222670000000001,
      "total_prompt_tokens": 304554,
      "total_completion_tokens": 20974,
      "total_tokens": 325528,
      "avg_tokens_per_delegation": 2583.5555555555557
    }
  ]
}