{
  "total_time": 1000,
  "total_delegations": 378,
  "best_provider_idx": 2,
  "providers": [
    {
      "delegations": 126,
      "total_price": 1.2568920000000006,
      "total_reward": 128.6591494817339,
      "total_cost": 0.09350549999999996,
      "avg_reward": 1.021104360966142,
      "user_utility": 127.4022574817339,
      "provider_utility": 0.5349405000000003,
      "total_prompt_tokens": 306609,
      "total_completion_tokens": 22471,
      "total_tokens": 329080,
      "avg_tokens_per_delegation": 2611.746031746032
    },
    {
      "delegations": 126,
      "total_price": 1.225932,
      "total_reward": 132.8778958533235,
      "total_cost": 0.09197550000000004,
      "avg_reward": 1.054586475026377,
      "user_utility": 131.6519638533235,
      "provider_utility": 0.5209904999999999,
      "total_prompt_tokens": 306789,
      "total_completion_tokens": 20371,
      "total_tokens": 327160,
      "avg_tokens_per_delegation": 2596.5079365079364
    },
    {
      "delegations": 126,
      "total_price": 1.9538820000000003,
      "total_reward": 232.64950957661117,
      "total_cost": 0.7302322499999998,
      "avg_reward": 1.8464246791794527,
      "user_utility": 230.69562757661117,
      "provider_utility": 0.24670875000000037,
      "total_prompt_tokens": 326229,
      "total_completion_tokens": 65013,
      "total_tokens": 391242,
      "avg_tokens_per_delegation": 3105.095238095238
    }
  ]
}