{
  "total_time": 1000,
  "total_delegations": 378,
  "best_provider_idx": 2,
  "providers": [
    {
      "delegations": 126,
      "total_price": 1.2568920000000006,
      "total_reward": 257.3182989634678,
      "total_cost": 0.09350549999999996,
      "avg_reward": 2.042208721932284,
      "user_utility": 256.0614069634678,
      "provider_utility": 0.5349405000000003,
      "total_prompt_tokens": 306609,
      "total_completion_tokens": 22471,
      "total_tokens": 329080,
      "avg_tokens_per_delegation": 2611.746031746032
    },
    {
      "delegations": 126,
      "total_price": 1.225932,
      "total_reward": 265.755791706647,
      "total_cost": 0.09197550000000004,
      "avg_reward": 2.109172950052754,
      "user_utility": 264.529859706647,
      "provider_utility": 0.5209904999999999,
      "total_prompt_tokens": 306789,
      "total_completion_tokens": 20371,
      "total_tokens": 327160,
      "avg_tokens_per_delegation": 2596.5079365079364
    },
    {
      "delegations": 126,
      "total_price": 1.915220999999999,
      "total_reward": 477.10831086725085,
      "total_cost": 0.6964842500000002,
      "avg_reward": 3.786573895771831,
      "user_utility": 475.1930898672509,
      "provider_utility": 0.2611262499999992,
      "total_prompt_tokens": 324492,
      "total_completion_tokens": 62783,
      "total_tokens": 387275,
      "avg_tokens_per_delegation": 3073.6111111111113
    }
  ]
}