{
  "total_time": 1000000,
  "total_delegations": 952261,
  "best_provider_idx": 0,
  "R": 903627,
  "delta1": 11.195840192374956,
  "delta2": 0.0,
  "delta3": null,
  "M": 0.23637291771156435,
  "providers": [
    {
      "delegations": 920364,
      "delta": 2.2041426334275833,
      "total_output_tokens": 6156429125.0,
      "total_reported_output_tokens": 23616595210.0,
      "total_reported_price": 236165.9521000001,
      "total_costs": 54436.275514269,
      "total_rewards": 906492.4358535203,
      "total_user_utility": 670326.4837535202,
      "total_provider_utility": 158113.081375731
    },
    {
      "delegations": 14708,
      "delta": 1.6945163552937328,
      "total_output_tokens": 149179137.0,
      "total_reported_output_tokens": 441270547.0,
      "total_reported_price": 1941.5904067999998,
      "total_costs": 359.71359483599997,
      "total_rewards": 8693.257560945147,
      "total_user_utility": 6751.667154145146,
      "total_provider_utility": 1387.7177712840003
    },
    {
      "delegations": 17189,
      "delta": 2.3177821081402246,
      "total_output_tokens": 158572775.0,
      "total_reported_output_tokens": 518074478.0,
      "total_reported_price": 2279.5277032,
      "total_costs": 343.18631897099993,
      "total_rewards": 9405.343013545315,
      "total_user_utility": 7125.815310345312,
      "total_provider_utility": 1708.3886139090005
    }
  ]
}