{
  "total_time": 1000,
  "total_delegations": 378,
  "best_provider_idx": 2,
  "providers": [
    {
      "delegations": 126,
      "total_price": 1.2568920000000006,
      "total_reward": 128.6591494817339,
      "total_cost": 0.09350549999999996,
      "avg_reward": 1.021104360966142,
      "user_utility": 127.4022574817339,
      "provider_utility": 0.5349405000000003,
      "total_prompt_tokens": 306609,
      "total_completion_tokens": 22471,
      "total_tokens": 329080,
      "avg_tokens_per_delegation": 2611.746031746032
    },
    {
      "delegations": 126,
      "total_price": 1.8101729999999996,
      "total_reward": 195.783827661107,
      "total_cost": 0.6065405,
      "avg_reward": 1.553839902072278,
      "user_utility": 193.97365466110702,
      "provider_utility": 0.29854599999999976,
      "total_prompt_tokens": 319101,
      "total_completion_tokens": 56858,
      "total_tokens": 375959,
      "avg_tokens_per_delegation": 2983.8015873015875
    },
    {
      "delegations": 126,
      "total_price": 2.463882000000001,
      "total_reward": 357.415004237826,
      "total_cost": 1.2319410000000004,
      "avg_reward": 2.8366270177605233,
      "user_utility": 354.951122237826,
      "provider_utility": 0.0,
      "total_prompt_tokens": 360504,
      "total_completion_tokens": 92158,
      "total_tokens": 452662,
      "avg_tokens_per_delegation": 3592.5555555555557
    }
  ]
}