{
  "total_time": 1000,
  "total_delegations": 378,
  "best_provider_idx": 2,
  "providers": [
    {
      "delegations": 126,
      "total_price": 1.2568920000000006,
      "total_reward": 77.19548968904033,
      "total_cost": 0.09350549999999996,
      "avg_reward": 0.6126626165796853,
      "user_utility": 75.93859768904034,
      "provider_utility": 0.5349405000000003,
      "total_prompt_tokens": 306609,
      "total_completion_tokens": 22471,
      "total_tokens": 329080,
      "avg_tokens_per_delegation": 2611.746031746032
    },
    {
      "delegations": 126,
      "total_price": 1.8101729999999996,
      "total_reward": 117.4702965966643,
      "total_cost": 0.6065405,
      "avg_reward": 0.932303941243367,
      "user_utility": 115.66012359666429,
      "provider_utility": 0.29854599999999976,
      "total_prompt_tokens": 319101,
      "total_completion_tokens": 56858,
      "total_tokens": 375959,
      "avg_tokens_per_delegation": 2983.8015873015875
    },
    {
      "delegations": 126,
      "total_price": 2.463882000000001,
      "total_reward": 214.4490025426955,
      "total_cost": 1.2319410000000004,
      "avg_reward": 1.701976210656314,
      "user_utility": 211.98512054269548,
      "provider_utility": 0.0,
      "total_prompt_tokens": 360504,
      "total_completion_tokens": 92158,
      "total_tokens": 452662,
      "avg_tokens_per_delegation": 3592.5555555555557
    }
  ]
}