{
  "total_time": 1000,
  "total_delegations": 378,
  "best_provider_idx": 2,
  "providers": [
    {
      "delegations": 126,
      "total_price": 1.2568920000000006,
      "total_reward": 257.3182989634678,
      "total_cost": 0.09350549999999996,
      "avg_reward": 2.042208721932284,
      "user_utility": 256.0614069634678,
      "provider_utility": 0.5349405000000003,
      "total_prompt_tokens": 306609,
      "total_completion_tokens": 22471,
      "total_tokens": 329080,
      "avg_tokens_per_delegation": 2611.746031746032
    },
    {
      "delegations": 126,
      "total_price": 1.8101729999999996,
      "total_reward": 391.567655322214,
      "total_cost": 0.6065405,
      "avg_reward": 3.107679804144556,
      "user_utility": 389.757482322214,
      "provider_utility": 0.29854599999999976,
      "total_prompt_tokens": 319101,
      "total_completion_tokens": 56858,
      "total_tokens": 375959,
      "avg_tokens_per_delegation": 2983.8015873015875
    },
    {
      "delegations": 126,
      "total_price": 2.463882000000001,
      "total_reward": 714.830008475652,
      "total_cost": 1.2319410000000004,
      "avg_reward": 5.673254035521047,
      "user_utility": 712.366126475652,
      "provider_utility": 0.0,
      "total_prompt_tokens": 360504,
      "total_completion_tokens": 92158,
      "total_tokens": 452662,
      "avg_tokens_per_delegation": 3592.5555555555557
    }
  ]
}