{
  "total_time": 1000,
  "total_delegations": 945,
  "best_provider_idx": 1,
  "providers": [
    {
      "delegations": 6,
      "total_price": 2.071005,
      "total_reward": 13.547006001740963,
      "total_cost": 0.32929547,
      "avg_reward": 2.2578343336234936,
      "profit": 11.476001001740963,
      "provider_utility": 0.08490553000000006,
      "total_prompt_tokens": 14443,
      "total_completion_tokens": 30906,
      "total_tokens": 45349,
      "avg_tokens_per_delegation": 7558.166666666667
    },
    {
      "delegations": 933,
      "total_price": 29.951224600000035,
      "total_reward": 3699.350389562385,
      "total_cost": 12.197449331999996,
      "avg_reward": 3.9650057765941944,
      "profit": 3669.399164962385,
      "provider_utility": 5.773285428000024,
      "total_prompt_tokens": 2264346,
      "total_completion_tokens": 6241010,
      "total_tokens": 8505356,
      "avg_tokens_per_delegation": 9116.137191854234
    },
    {
      "delegations": 6,
      "total_price": 0.5057699999999999,
      "total_reward": 9.597574553880412,
      "total_cost": 0.0036138,
      "avg_reward": 1.5995957589800687,
      "profit": 9.091804553880412,
      "provider_utility": 0.1986942,
      "total_prompt_tokens": 14439,
      "total_completion_tokens": 1210,
      "total_tokens": 15649,
      "avg_tokens_per_delegation": 2608.1666666666665
    }
  ]
}