{
  "total_time": 1000,
  "total_delegations": 378,
  "best_provider_idx": 2,
  "providers": [
    {
      "delegations": 126,
      "total_price": 1.2568920000000006,
      "total_reward": 77.19548968904033,
      "total_cost": 0.09350549999999996,
      "avg_reward": 0.6126626165796853,
      "user_utility": 75.93859768904034,
      "provider_utility": 0.5349405000000003,
      "total_prompt_tokens": 306609,
      "total_completion_tokens": 22471,
      "total_tokens": 329080,
      "avg_tokens_per_delegation": 2611.746031746032
    },
    {
      "delegations": 126,
      "total_price": 1.928922,
      "total_reward": 134.25178023042398,
      "total_cost": 0.72152075,
      "avg_reward": 1.0654903192890792,
      "user_utility": 132.32285823042398,
      "provider_utility": 0.24294024999999997,
      "total_prompt_tokens": 327459,
      "total_completion_tokens": 63103,
      "total_tokens": 390562,
      "avg_tokens_per_delegation": 3099.6984126984125
    },
    {
      "delegations": 126,
      "total_price": 1.8481229999999997,
      "total_reward": 133.9724148234281,
      "total_cost": 0.6613552500000004,
      "avg_reward": 1.0632731335192707,
      "user_utility": 132.1242918234281,
      "provider_utility": 0.2627062499999995,
      "total_prompt_tokens": 334266,
      "total_completion_tokens": 56355,
      "total_tokens": 390621,
      "avg_tokens_per_delegation": 3100.1666666666665
    }
  ]
}