{
  "total_time": 1000,
  "total_delegations": 1000,
  "best_provider_idx": 0,
  "providers": [
    {
      "delegations": 441,
      "total_price": 13.9141651,
      "total_reward": 25.365432224665142,
      "total_cost": 3.8237600800000027,
      "avg_reward": 0.05751798690400251,
      "profit": 11.451267124665142,
      "provider_utility": 1.7419059599999973,
      "total_prompt_tokens": 1071285,
      "total_completion_tokens": 2894489,
      "total_tokens": 3965774,
      "avg_tokens_per_delegation": 8992.684807256235
    },
    {
      "delegations": 433,
      "total_price": 295.3067849999999,
      "total_reward": 28.706833439818293,
      "total_cost": 177.18407099999982,
      "avg_reward": 0.0662975368125131,
      "profit": -266.5999515601816,
      "provider_utility": 1.1368683772161603e-13,
      "total_prompt_tokens": 1052999,
      "total_completion_tokens": 4658530,
      "total_tokens": 5711529,
      "avg_tokens_per_delegation": 13190.598152424942
    },
    {
      "delegations": 126,
      "total_price": 12.471000000000002,
      "total_reward": 4.6221127058191716,
      "total_cost": 0.83719679,
      "avg_reward": 0.03668343417316804,
      "profit": -7.84888729418083,
      "provider_utility": 1.6570032100000005,
      "total_prompt_tokens": 304554,
      "total_completion_tokens": 55573,
      "total_tokens": 360127,
      "avg_tokens_per_delegation": 2858.1507936507937
    }
  ]
}