{
  "total_time": 1000,
  "total_delegations": 378,
  "best_provider_idx": 1,
  "providers": [
    {
      "delegations": 126,
      "total_price": 1.911369,
      "total_reward": 131.32514187342298,
      "total_cost": 0.6813697499999999,
      "avg_reward": 1.042263030741452,
      "user_utility": 129.41377287342297,
      "provider_utility": 0.27431475000000016,
      "total_prompt_tokens": 326763,
      "total_completion_tokens": 62072,
      "total_tokens": 388835,
      "avg_tokens_per_delegation": 3085.9920634920636
    },
    {
      "delegations": 126,
      "total_price": 2.482425,
      "total_reward": 215.83621347632933,
      "total_cost": 1.2412125,
      "avg_reward": 1.7129858212407096,
      "user_utility": 213.35378847632933,
      "provider_utility": 0.0,
      "total_prompt_tokens": 359820,
      "total_completion_tokens": 93531,
      "total_tokens": 453351,
      "avg_tokens_per_delegation": 3598.0238095238096
    },
    {
      "delegations": 126,
      "total_price": 1.9195980000000004,
      "total_reward": 142.5122797628081,
      "total_cost": 0.7441677500000002,
      "avg_reward": 1.131049839387366,
      "user_utility": 140.5926817628081,
      "provider_utility": 0.21563124999999994,
      "total_prompt_tokens": 327666,
      "total_completion_tokens": 62440,
      "total_tokens": 390106,
      "avg_tokens_per_delegation": 3096.0793650793653
    }
  ]
}