{
  "total_time": 1000000,
  "total_delegations": 954153,
  "best_provider_idx": 1,
  "R": 914303,
  "delta1": 11.195840192374956,
  "delta2": 0.0,
  "delta3": null,
  "M": 0.23637291771156435,
  "providers": [
    {
      "delegations": 7962,
      "delta": -0.9783848638438446,
      "total_output_tokens": 86424910.0,
      "total_reported_output_tokens": 303017796.0,
      "total_reported_price": 3030.177960000001,
      "total_costs": 170.34349761,
      "total_rewards": 4245.827655136432,
      "total_user_utility": 1215.6496951364325,
      "total_provider_utility": 2556.81666639
    },
    {
      "delegations": 929037,
      "delta": 1.701017466203563,
      "total_output_tokens": 7783288568.0,
      "total_reported_output_tokens": 35239047965.0,
      "total_reported_price": 155051.81104599955,
      "total_costs": 30589.683643295997,
      "total_rewards": 720864.2593770412,
      "total_user_utility": 565812.4483310416,
      "total_provider_utility": 108956.94629810401
    },
    {
      "delegations": 17154,
      "delta": 2.3088773585192746,
      "total_output_tokens": 158342578.0,
      "total_reported_output_tokens": 516608773.0,
      "total_reported_price": 2273.0786012,
      "total_costs": 342.466721109,
      "total_rewards": 9371.529295274384,
      "total_user_utility": 7098.450694074381,
      "total_provider_utility": 1703.3040199710001
    }
  ]
}