{
  "total_time": 1000,
  "total_delegations": 1000,
  "best_provider_idx": 0,
  "providers": [
    {
      "delegations": 441,
      "total_price": 17.4865427,
      "total_reward": 33.21529404104329,
      "total_cost": 6.99461708,
      "avg_reward": 0.07531812707719539,
      "profit": 15.728751341043292,
      "provider_utility": 8.881784197001252e-16,
      "total_prompt_tokens": 1071873,
      "total_completion_tokens": 3706246,
      "total_tokens": 4778119,
      "avg_tokens_per_delegation": 10834.736961451246
    },
    {
      "delegations": 378,
      "total_price": 257.14565999999996,
      "total_reward": 25.03875038925276,
      "total_cost": 154.2873959999998,
      "avg_reward": 0.06624008039484838,
      "profit": -232.1069096107472,
      "provider_utility": 1.7053025658242404e-13,
      "total_prompt_tokens": 917964,
      "total_completion_tokens": 4056270,
      "total_tokens": 4974234,
      "avg_tokens_per_delegation": 13159.349206349207
    },
    {
      "delegations": 181,
      "total_price": 18.91499999999999,
      "total_reward": 5.383566856353982,
      "total_cost": 0.024640679999999995,
      "avg_reward": 0.029743463294773387,
      "profit": -13.531433143646007,
      "provider_utility": 3.7583593199999976,
      "total_prompt_tokens": 439644,
      "total_completion_tokens": 95428,
      "total_tokens": 535072,
      "avg_tokens_per_delegation": 2956.1988950276245
    }
  ]
}