{
  "total_time": 1000,
  "total_delegations": 454,
  "best_provider_idx": 0,
  "providers": [
    {
      "delegations": 202,
      "total_price": 3.3782550000000016,
      "total_reward": 907.3714713313167,
      "total_cost": 1.4312775000000006,
      "avg_reward": 4.491937976887707,
      "user_utility": 903.9932163313167,
      "provider_utility": 0.25785000000000013,
      "total_prompt_tokens": 549630,
      "total_completion_tokens": 115291,
      "total_tokens": 664921,
      "avg_tokens_per_delegation": 3291.6881188118814
    },
    {
      "delegations": 126,
      "total_price": 1.803285,
      "total_reward": 427.33595898565665,
      "total_cost": 0.6126167499999998,
      "avg_reward": 3.3915552300448937,
      "user_utility": 425.53267398565663,
      "provider_utility": 0.2890257500000002,
      "total_prompt_tokens": 323325,
      "total_completion_tokens": 55554,
      "total_tokens": 378879,
      "avg_tokens_per_delegation": 3006.9761904761904
    },
    {
      "delegations": 126,
      "total_price": 2.4990000000000006,
      "total_reward": 712.3358461002556,
      "total_cost": 1.2495000000000003,
      "avg_reward": 5.6534590960337745,
      "user_utility": 709.8368461002556,
      "provider_utility": 0.0,
      "total_prompt_tokens": 362880,
      "total_completion_tokens": 94024,
      "total_tokens": 456904,
      "avg_tokens_per_delegation": 3626.222222222222
    }
  ]
}