{
  "total_time": 1000,
  "total_delegations": 440,
  "best_provider_idx": 1,
  "providers": [
    {
      "delegations": 126,
      "total_price": 1.8784919999999994,
      "total_reward": 437.3164949191676,
      "total_cost": 0.6953659999999999,
      "avg_reward": 3.470765832691807,
      "user_utility": 435.4380029191676,
      "provider_utility": 0.24387999999999976,
      "total_prompt_tokens": 323049,
      "total_completion_tokens": 60623,
      "total_tokens": 383672,
      "avg_tokens_per_delegation": 3045.0158730158732
    },
    {
      "delegations": 188,
      "total_price": 2.4755100000000008,
      "total_reward": 579.3127589412143,
      "total_cost": 0.7160917499999999,
      "avg_reward": 3.08145084543199,
      "user_utility": 576.8372489412143,
      "provider_utility": 0.5216632500000005,
      "total_prompt_tokens": 483810,
      "total_completion_tokens": 68272,
      "total_tokens": 552082,
      "avg_tokens_per_delegation": 2936.6063829787236
    },
    {
      "delegations": 126,
      "total_price": 1.8245729999999996,
      "total_reward": 390.7395188969962,
      "total_cost": 0.6202192499999999,
      "avg_reward": 3.1011072928333014,
      "user_utility": 388.9149458969962,
      "provider_utility": 0.2920672499999999,
      "total_prompt_tokens": 318951,
      "total_completion_tokens": 57848,
      "total_tokens": 376799,
      "avg_tokens_per_delegation": 2990.468253968254
    }
  ]
}