{
  "total_time": 1000,
  "total_delegations": 1000,
  "best_provider_idx": 0,
  "providers": [
    {
      "delegations": 441,
      "total_price": 13.851639999999986,
      "total_reward": 24.05317126683752,
      "total_cost": 3.689204524000001,
      "avg_reward": 0.054542338473554414,
      "profit": 10.201531266837534,
      "provider_utility": 1.851451475999994,
      "total_prompt_tokens": 1071260,
      "total_completion_tokens": 2880285,
      "total_tokens": 3951545,
      "avg_tokens_per_delegation": 8960.419501133787
    },
    {
      "delegations": 378,
      "total_price": 60.932984999999995,
      "total_reward": 10.708288074330845,
      "total_cost": 28.02516839999999,
      "avg_reward": 0.02832880442944669,
      "profit": -50.22469692566915,
      "provider_utility": 8.534622600000006,
      "total_prompt_tokens": 918279,
      "total_completion_tokens": 785980,
      "total_tokens": 1704259,
      "avg_tokens_per_delegation": 4508.621693121693
    },
    {
      "delegations": 181,
      "total_price": 18.01937999999999,
      "total_reward": 6.704227955011559,
      "total_cost": 1.1553424800000003,
      "avg_reward": 0.03703993345310255,
      "profit": -11.315152044988432,
      "provider_utility": 2.448533519999998,
      "total_prompt_tokens": 439644,
      "total_completion_tokens": 80501,
      "total_tokens": 520145,
      "avg_tokens_per_delegation": 2873.729281767956
    }
  ]
}