{
  "total_time": 1000,
  "total_delegations": 378,
  "best_provider_idx": 1,
  "providers": [
    {
      "delegations": 126,
      "total_price": 1.9481400000000009,
      "total_reward": 124.65189869451933,
      "total_cost": 0.7187835000000004,
      "avg_reward": 0.9893007832898361,
      "user_utility": 122.70375869451934,
      "provider_utility": 0.2552865000000001,
      "total_prompt_tokens": 325515,
      "total_completion_tokens": 64773,
      "total_tokens": 390288,
      "avg_tokens_per_delegation": 3097.5238095238096
    },
    {
      "delegations": 126,
      "total_price": 1.8666659999999995,
      "total_reward": 135.3596257570619,
      "total_cost": 0.6706267500000002,
      "avg_reward": 1.0742827441036662,
      "user_utility": 133.4929597570619,
      "provider_utility": 0.2627062499999996,
      "total_prompt_tokens": 333582,
      "total_completion_tokens": 57728,
      "total_tokens": 391310,
      "avg_tokens_per_delegation": 3105.6349206349205
    },
    {
      "delegations": 126,
      "total_price": 1.8066329999999997,
      "total_reward": 119.34184457638352,
      "total_cost": 0.6494702499999999,
      "avg_reward": 0.9471574966379643,
      "user_utility": 117.53521157638352,
      "provider_utility": 0.25384624999999994,
      "total_prompt_tokens": 321336,
      "total_completion_tokens": 56175,
      "total_tokens": 377511,
      "avg_tokens_per_delegation": 2996.1190476190477
    }
  ]
}