{
  "total_time": 1000,
  "total_delegations": 947,
  "best_provider_idx": 1,
  "providers": [
    {
      "delegations": 6,
      "total_price": 4.00545,
      "total_reward": 11.307692307692308,
      "total_cost": 0.80109,
      "avg_reward": 1.8846153846153848,
      "profit": 7.302242307692309,
      "provider_utility": 0.0,
      "total_prompt_tokens": 14298,
      "total_completion_tokens": 63183,
      "total_tokens": 77481,
      "avg_tokens_per_delegation": 12913.5
    },
    {
      "delegations": 935,
      "total_price": 5.311033199999992,
      "total_reward": 2781.845637012159,
      "total_cost": 0.5718339300000004,
      "avg_reward": 2.9752359754140754,
      "profit": 2776.534603812159,
      "provider_utility": 2.614785989999995,
      "total_prompt_tokens": 2267524,
      "total_completion_tokens": 640172,
      "total_tokens": 2907696,
      "avg_tokens_per_delegation": 3109.835294117647
    },
    {
      "delegations": 6,
      "total_price": 0.5986499999999999,
      "total_reward": 18.77571770334928,
      "total_cost": 0.0533594,
      "avg_reward": 3.1292862838915467,
      "profit": 18.17706770334928,
      "provider_utility": 0.18610059999999998,
      "total_prompt_tokens": 14559,
      "total_completion_tokens": 2698,
      "total_tokens": 17257,
      "avg_tokens_per_delegation": 2876.1666666666665
    }
  ]
}