{
  "total_time": 1000,
  "total_delegations": 945,
  "best_provider_idx": 0,
  "providers": [
    {
      "delegations": 933,
      "total_price": 65.51155499999992,
      "total_reward": 1966.5212043875488,
      "total_cost": 0.5260539000000007,
      "avg_reward": 2.107739768904125,
      "profit": 1901.009649387549,
      "provider_utility": 12.576257099999983,
      "total_prompt_tokens": 2266089,
      "total_completion_tokens": 525337,
      "total_tokens": 2791426,
      "avg_tokens_per_delegation": 2991.882100750268
    },
    {
      "delegations": 6,
      "total_price": 0.0325809,
      "total_reward": 9.78283355063016,
      "total_cost": 0.00308457,
      "avg_reward": 1.63047225843836,
      "profit": 9.750252650630161,
      "provider_utility": 0.01646397,
      "total_prompt_tokens": 14655,
      "total_completion_tokens": 3741,
      "total_tokens": 18396,
      "avg_tokens_per_delegation": 3066.0
    },
    {
      "delegations": 6,
      "total_price": 0.51963,
      "total_reward": 13.193870181457074,
      "total_cost": 0.20785200000000004,
      "avg_reward": 2.198978363576179,
      "profit": 12.674240181457074,
      "provider_utility": 0.0,
      "total_prompt_tokens": 14439,
      "total_completion_tokens": 1441,
      "total_tokens": 15880,
      "avg_tokens_per_delegation": 2646.6666666666665
    }
  ]
}