{
  "total_time": 1000,
  "total_delegations": 378,
  "best_provider_idx": 2,
  "providers": [
    {
      "delegations": 126,
      "total_price": 1.2568920000000006,
      "total_reward": 257.3182989634678,
      "total_cost": 0.09350549999999996,
      "avg_reward": 2.042208721932284,
      "user_utility": 256.0614069634678,
      "provider_utility": 0.5349405000000003,
      "total_prompt_tokens": 306609,
      "total_completion_tokens": 22471,
      "total_tokens": 329080,
      "avg_tokens_per_delegation": 2611.746031746032
    },
    {
      "delegations": 126,
      "total_price": 1.907699999999999,
      "total_reward": 462.6013421280396,
      "total_cost": 0.6840267499999999,
      "avg_reward": 3.6714392232384094,
      "user_utility": 460.69364212803964,
      "provider_utility": 0.2698232499999996,
      "total_prompt_tokens": 323535,
      "total_completion_tokens": 62473,
      "total_tokens": 386008,
      "avg_tokens_per_delegation": 3063.5555555555557
    },
    {
      "delegations": 126,
      "total_price": 1.9088789999999995,
      "total_reward": 462.8312311528756,
      "total_cost": 0.7055509999999999,
      "avg_reward": 3.6732637393085352,
      "user_utility": 460.9223521528756,
      "provider_utility": 0.24888849999999985,
      "total_prompt_tokens": 326283,
      "total_completion_tokens": 62002,
      "total_tokens": 388285,
      "avg_tokens_per_delegation": 3081.626984126984
    }
  ]
}