{
  "total_time": 1000,
  "total_delegations": 378,
  "best_provider_idx": 2,
  "providers": [
    {
      "delegations": 126,
      "total_price": 1.2568920000000006,
      "total_reward": 77.19548968904033,
      "total_cost": 0.09350549999999996,
      "avg_reward": 0.6126626165796853,
      "user_utility": 75.93859768904034,
      "provider_utility": 0.5349405000000003,
      "total_prompt_tokens": 306609,
      "total_completion_tokens": 22471,
      "total_tokens": 329080,
      "avg_tokens_per_delegation": 2611.746031746032
    },
    {
      "delegations": 126,
      "total_price": 1.907699999999999,
      "total_reward": 138.78040263841186,
      "total_cost": 0.6840267499999999,
      "avg_reward": 1.1014317669715232,
      "user_utility": 136.87270263841185,
      "provider_utility": 0.2698232499999996,
      "total_prompt_tokens": 323535,
      "total_completion_tokens": 62473,
      "total_tokens": 386008,
      "avg_tokens_per_delegation": 3063.5555555555557
    },
    {
      "delegations": 126,
      "total_price": 1.9088789999999995,
      "total_reward": 138.8493693458626,
      "total_cost": 0.7055509999999999,
      "avg_reward": 1.1019791217925605,
      "user_utility": 136.9404903458626,
      "provider_utility": 0.24888849999999985,
      "total_prompt_tokens": 326283,
      "total_completion_tokens": 62002,
      "total_tokens": 388285,
      "avg_tokens_per_delegation": 3081.626984126984
    }
  ]
}