{
  "total_time": 1000,
  "total_delegations": 1000,
  "best_provider_idx": 0,
  "providers": [
    {
      "delegations": 567,
      "total_price": 3.1782354999999987,
      "total_reward": 23.67154647973552,
      "total_cost": 0.20499442000000007,
      "avg_reward": 0.041748759223519456,
      "profit": 20.493310979735522,
      "provider_utility": 1.0662997799999996,
      "total_prompt_tokens": 1375965,
      "total_completion_tokens": 378335,
      "total_tokens": 1754300,
      "avg_tokens_per_delegation": 3094.0035273368608
    },
    {
      "delegations": 307,
      "total_price": 94.41273000000001,
      "total_reward": 13.163630943878841,
      "total_cost": 50.27530704000001,
      "avg_reward": 0.04287827669015916,
      "profit": -81.24909905612117,
      "provider_utility": 6.372330959999999,
      "total_prompt_tokens": 763770,
      "total_completion_tokens": 1382603,
      "total_tokens": 2146373,
      "avg_tokens_per_delegation": 6991.442996742671
    },
    {
      "delegations": 126,
      "total_price": 12.448439999999998,
      "total_reward": 4.7121867199500915,
      "total_cost": 0.74508124,
      "avg_reward": 0.0373983073011912,
      "profit": -7.736253280049906,
      "provider_utility": 1.7446067599999997,
      "total_prompt_tokens": 304554,
      "total_completion_tokens": 55197,
      "total_tokens": 359751,
      "avg_tokens_per_delegation": 2855.1666666666665
    }
  ]
}