{
  "total_time": 1000,
  "total_delegations": 378,
  "best_provider_idx": 2,
  "providers": [
    {
      "delegations": 126,
      "total_price": 1.2568920000000006,
      "total_reward": 128.6591494817339,
      "total_cost": 0.09350549999999996,
      "avg_reward": 1.021104360966142,
      "user_utility": 127.4022574817339,
      "provider_utility": 0.5349405000000003,
      "total_prompt_tokens": 306609,
      "total_completion_tokens": 22471,
      "total_tokens": 329080,
      "avg_tokens_per_delegation": 2611.746031746032
    },
    {
      "delegations": 126,
      "total_price": 1.907699999999999,
      "total_reward": 231.3006710640198,
      "total_cost": 0.6840267499999999,
      "avg_reward": 1.8357196116192047,
      "user_utility": 229.3929710640198,
      "provider_utility": 0.2698232499999996,
      "total_prompt_tokens": 323535,
      "total_completion_tokens": 62473,
      "total_tokens": 386008,
      "avg_tokens_per_delegation": 3063.5555555555557
    },
    {
      "delegations": 126,
      "total_price": 1.9088789999999995,
      "total_reward": 231.4156155764378,
      "total_cost": 0.7055509999999999,
      "avg_reward": 1.8366318696542676,
      "user_utility": 229.5067365764378,
      "provider_utility": 0.24888849999999985,
      "total_prompt_tokens": 326283,
      "total_completion_tokens": 62002,
      "total_tokens": 388285,
      "avg_tokens_per_delegation": 3081.626984126984
    }
  ]
}