{
  "total_time": 1000,
  "total_delegations": 955,
  "best_provider_idx": 1,
  "providers": [
    {
      "delegations": 6,
      "total_price": 1.33686,
      "total_reward": 20.8672872289915,
      "total_cost": 0.09567242000000001,
      "avg_reward": 3.4778812048319168,
      "profit": 19.5304272289915,
      "provider_utility": 0.17169958,
      "total_prompt_tokens": 14640,
      "total_completion_tokens": 18621,
      "total_tokens": 33261,
      "avg_tokens_per_delegation": 5543.5
    },
    {
      "delegations": 943,
      "total_price": 37.74456290000003,
      "total_reward": 4934.253441194719,
      "total_cost": 22.646737740000006,
      "avg_reward": 5.232506300312536,
      "profit": 4896.508878294719,
      "provider_utility": 1.0658141036401503e-14,
      "total_prompt_tokens": 2290259,
      "total_completion_tokens": 8005745,
      "total_tokens": 10296004,
      "avg_tokens_per_delegation": 10918.34994697773
    },
    {
      "delegations": 6,
      "total_price": 0.5055,
      "total_reward": 12.057775119617224,
      "total_cost": 0.0036336000000000003,
      "avg_reward": 2.009629186602871,
      "profit": 11.552275119617224,
      "provider_utility": 0.1985664,
      "total_prompt_tokens": 14214,
      "total_completion_tokens": 1318,
      "total_tokens": 15532,
      "avg_tokens_per_delegation": 2588.6666666666665
    }
  ]
}