{
  "total_time": 1000000,
  "total_delegations": 52566,
  "best_provider_idx": 0,
  "R": 903662,
  "delta1": 11.195840192374956,
  "delta2": 0.0,
  "delta3": null,
  "M": 0.23637291771156435,
  "providers": [
    {
      "delegations": 20705,
      "delta": 2.2007594071958008,
      "total_output_tokens": 174135191.0,
      "total_reported_output_tokens": 663157191.0,
      "total_reported_price": 6631.571910000001,
      "total_costs": 899.7008385510001,
      "total_rewards": 16553.485193239037,
      "total_user_utility": 9921.913283239037,
      "total_provider_utility": 5068.7138804490005
    },
    {
      "delegations": 14722,
      "delta": 1.6980133282673175,
      "total_output_tokens": 149304274.0,
      "total_reported_output_tokens": 441938326.0,
      "total_reported_price": 1944.5286343999996,
      "total_costs": 360.228689226,
      "total_rewards": 8894.096718651468,
      "total_user_utility": 6949.5680842514685,
      "total_provider_utility": 1389.847081734
    },
    {
      "delegations": 17139,
      "delta": 2.3054101611775772,
      "total_output_tokens": 157561758.0,
      "total_reported_output_tokens": 516122467.0,
      "total_reported_price": 2270.9388548,
      "total_costs": 341.095922685,
      "total_rewards": 9387.831893366816,
      "total_user_utility": 7116.893038566815,
      "total_provider_utility": 1702.7490466350002
    }
  ]
}