{
  "total_time": 1000,
  "total_delegations": 942,
  "best_provider_idx": 1,
  "providers": [
    {
      "delegations": 6,
      "total_price": 0.44648999999999994,
      "total_reward": 13.498362662905512,
      "total_cost": 0.00089298,
      "avg_reward": 2.249727110484252,
      "profit": 13.051872662905511,
      "provider_utility": 0.08840501999999999,
      "total_prompt_tokens": 14394,
      "total_completion_tokens": 3843,
      "total_tokens": 18237,
      "avg_tokens_per_delegation": 3039.5
    },
    {
      "delegations": 930,
      "total_price": 5.181378399999993,
      "total_reward": 2766.306583887296,
      "total_cost": 0.4997851800000002,
      "avg_reward": 2.9745232084809645,
      "profit": 2761.1252054872957,
      "provider_utility": 2.609041859999995,
      "total_prompt_tokens": 2255460,
      "total_completion_tokens": 613721,
      "total_tokens": 2869181,
      "avg_tokens_per_delegation": 3085.1408602150536
    },
    {
      "delegations": 6,
      "total_price": 0.53301,
      "total_reward": 15.892756156886591,
      "total_cost": 0.21320400000000003,
      "avg_reward": 2.648792692814432,
      "profit": 15.35974615688659,
      "provider_utility": -2.7755575615628914e-17,
      "total_prompt_tokens": 14349,
      "total_completion_tokens": 1709,
      "total_tokens": 16058,
      "avg_tokens_per_delegation": 2676.3333333333335
    }
  ]
}