{
  "total_time": 1000,
  "total_delegations": 378,
  "best_provider_idx": 1,
  "providers": [
    {
      "delegations": 126,
      "total_price": 1.2568920000000006,
      "total_reward": 257.3182989634678,
      "total_cost": 0.09350549999999996,
      "avg_reward": 2.042208721932284,
      "user_utility": 256.0614069634678,
      "provider_utility": 0.5349405000000003,
      "total_prompt_tokens": 306609,
      "total_completion_tokens": 22471,
      "total_tokens": 329080,
      "avg_tokens_per_delegation": 2611.746031746032
    },
    {
      "delegations": 126,
      "total_price": 1.9463999999999995,
      "total_reward": 432.2617723178675,
      "total_cost": 0.7399680000000001,
      "avg_reward": 3.4306489866497403,
      "user_utility": 430.3153723178675,
      "provider_utility": 0.23323199999999966,
      "total_prompt_tokens": 325770,
      "total_completion_tokens": 64606,
      "total_tokens": 390376,
      "avg_tokens_per_delegation": 3098.222222222222
    },
    {
      "delegations": 126,
      "total_price": 1.831566,
      "total_reward": 410.96449131133875,
      "total_cost": 0.6258157499999999,
      "avg_reward": 3.2616229469153857,
      "user_utility": 409.13292531133874,
      "provider_utility": 0.2899672500000001,
      "total_prompt_tokens": 321612,
      "total_completion_tokens": 57782,
      "total_tokens": 379394,
      "avg_tokens_per_delegation": 3011.063492063492
    }
  ]
}