{
  "total_time": 1000,
  "total_delegations": 378,
  "best_provider_idx": 2,
  "providers": [
    {
      "delegations": 126,
      "total_price": 1.2568920000000006,
      "total_reward": 257.3182989634678,
      "total_cost": 0.09350549999999996,
      "avg_reward": 2.042208721932284,
      "user_utility": 256.0614069634678,
      "provider_utility": 0.5349405000000003,
      "total_prompt_tokens": 306609,
      "total_completion_tokens": 22471,
      "total_tokens": 329080,
      "avg_tokens_per_delegation": 2611.746031746032
    },
    {
      "delegations": 126,
      "total_price": 1.225932,
      "total_reward": 265.755791706647,
      "total_cost": 0.09197550000000004,
      "avg_reward": 2.109172950052754,
      "user_utility": 264.529859706647,
      "provider_utility": 0.5209904999999999,
      "total_prompt_tokens": 306789,
      "total_completion_tokens": 20371,
      "total_tokens": 327160,
      "avg_tokens_per_delegation": 2596.5079365079364
    },
    {
      "delegations": 126,
      "total_price": 1.8639510000000001,
      "total_reward": 461.08548108872446,
      "total_cost": 0.6604617500000001,
      "avg_reward": 3.659408580069242,
      "user_utility": 459.2215300887245,
      "provider_utility": 0.27151375,
      "total_prompt_tokens": 326772,
      "total_completion_tokens": 58909,
      "total_tokens": 385681,
      "avg_tokens_per_delegation": 3060.9603174603176
    }
  ]
}