{
  "total_time": 1000,
  "total_delegations": 378,
  "best_provider_idx": 0,
  "providers": [
    {
      "delegations": 126,
      "total_price": 1.9063499999999993,
      "total_reward": 233.18614965691103,
      "total_cost": 0.6904687500000001,
      "avg_reward": 1.8506837274358017,
      "user_utility": 231.27979965691102,
      "provider_utility": 0.2627062499999996,
      "total_prompt_tokens": 333060,
      "total_completion_tokens": 60478,
      "total_tokens": 393538,
      "avg_tokens_per_delegation": 3123.3174603174602
    },
    {
      "delegations": 126,
      "total_price": 1.8674309999999998,
      "total_reward": 234.58424600202977,
      "total_cost": 0.6707429999999996,
      "avg_reward": 1.8617797301748389,
      "user_utility": 232.71681500202976,
      "provider_utility": 0.2629725000000003,
      "total_prompt_tokens": 334362,
      "total_completion_tokens": 57623,
      "total_tokens": 391985,
      "avg_tokens_per_delegation": 3110.9920634920636
    },
    {
      "delegations": 126,
      "total_price": 1.8613919999999993,
      "total_reward": 216.06524958189996,
      "total_cost": 0.6548445000000002,
      "avg_reward": 1.714803568110317,
      "user_utility": 214.20385758189997,
      "provider_utility": 0.27585149999999947,
      "total_prompt_tokens": 323664,
      "total_completion_tokens": 59360,
      "total_tokens": 383024,
      "avg_tokens_per_delegation": 3039.873015873016
    }
  ]
}