{
  "total_time": 1000,
  "total_delegations": 378,
  "best_provider_idx": 0,
  "providers": [
    {
      "delegations": 126,
      "total_price": 2.5221090000000004,
      "total_reward": 220.388277513414,
      "total_cost": 1.2610545000000002,
      "avg_reward": 1.7491133135985246,
      "user_utility": 217.866168513414,
      "provider_utility": 0.0,
      "total_prompt_tokens": 359298,
      "total_completion_tokens": 96281,
      "total_tokens": 455579,
      "avg_tokens_per_delegation": 3615.7063492063494
    },
    {
      "delegations": 126,
      "total_price": 1.8901980000000005,
      "total_reward": 131.0111332821188,
      "total_cost": 0.6717532500000001,
      "avg_reward": 1.0397708990644348,
      "user_utility": 129.1209352821188,
      "provider_utility": 0.27334575000000016,
      "total_prompt_tokens": 322791,
      "total_completion_tokens": 61455,
      "total_tokens": 384246,
      "avg_tokens_per_delegation": 3049.5714285714284
    },
    {
      "delegations": 126,
      "total_price": 1.2282720000000003,
      "total_reward": 77.56835862745534,
      "total_cost": 0.09186899999999998,
      "avg_reward": 0.615621893868693,
      "user_utility": 76.34008662745534,
      "provider_utility": 0.5222670000000001,
      "total_prompt_tokens": 304554,
      "total_completion_tokens": 20974,
      "total_tokens": 325528,
      "avg_tokens_per_delegation": 2583.5555555555557
    }
  ]
}