{
  "total_time": 1000,
  "total_delegations": 963,
  "best_provider_idx": 1,
  "providers": [
    {
      "delegations": 6,
      "total_price": 2.2019399999999996,
      "total_reward": 17.67516722408027,
      "total_cost": 0.39943467,
      "avg_reward": 2.945861204013378,
      "profit": 15.473227224080269,
      "provider_utility": 0.040953329999999954,
      "total_prompt_tokens": 14256,
      "total_completion_tokens": 33135,
      "total_tokens": 47391,
      "avg_tokens_per_delegation": 7898.5
    },
    {
      "delegations": 951,
      "total_price": 38.056222600000034,
      "total_reward": 4962.253441194719,
      "total_cost": 22.833733560000013,
      "avg_reward": 5.217932114820946,
      "profit": 4924.197218594719,
      "provider_utility": 7.105427357601002e-15,
      "total_prompt_tokens": 2309958,
      "total_completion_tokens": 8071652,
      "total_tokens": 10381610,
      "avg_tokens_per_delegation": 10916.519453207151
    },
    {
      "delegations": 6,
      "total_price": 0.51963,
      "total_reward": 13.193870181457074,
      "total_cost": 0.20785200000000004,
      "avg_reward": 2.198978363576179,
      "profit": 12.674240181457074,
      "provider_utility": 0.0,
      "total_prompt_tokens": 14439,
      "total_completion_tokens": 1441,
      "total_tokens": 15880,
      "avg_tokens_per_delegation": 2646.6666666666665
    }
  ]
}