{
  "total_time": 1000,
  "total_delegations": 378,
  "best_provider_idx": 1,
  "providers": [
    {
      "delegations": 126,
      "total_price": 1.2568920000000006,
      "total_reward": 77.19548968904033,
      "total_cost": 0.09350549999999996,
      "avg_reward": 0.6126626165796853,
      "user_utility": 75.93859768904034,
      "provider_utility": 0.5349405000000003,
      "total_prompt_tokens": 306609,
      "total_completion_tokens": 22471,
      "total_tokens": 329080,
      "avg_tokens_per_delegation": 2611.746031746032
    },
    {
      "delegations": 126,
      "total_price": 2.482425,
      "total_reward": 215.83621347632933,
      "total_cost": 1.2412125,
      "avg_reward": 1.7129858212407096,
      "user_utility": 213.35378847632933,
      "provider_utility": 0.0,
      "total_prompt_tokens": 359820,
      "total_completion_tokens": 93531,
      "total_tokens": 453351,
      "avg_tokens_per_delegation": 3598.0238095238096
    },
    {
      "delegations": 126,
      "total_price": 2.4657960000000014,
      "total_reward": 196.84545556295691,
      "total_cost": 1.2328980000000007,
      "avg_reward": 1.562265520340928,
      "user_utility": 194.3796595629569,
      "provider_utility": 0.0,
      "total_prompt_tokens": 362502,
      "total_completion_tokens": 91886,
      "total_tokens": 454388,
      "avg_tokens_per_delegation": 3606.253968253968
    }
  ]
}