{
  "total_time": 1000,
  "total_delegations": 378,
  "best_provider_idx": 1,
  "providers": [
    {
      "delegations": 126,
      "total_price": 1.2568920000000006,
      "total_reward": 77.19548968904033,
      "total_cost": 0.09350549999999996,
      "avg_reward": 0.6126626165796853,
      "user_utility": 75.93859768904034,
      "provider_utility": 0.5349405000000003,
      "total_prompt_tokens": 306609,
      "total_completion_tokens": 22471,
      "total_tokens": 329080,
      "avg_tokens_per_delegation": 2611.746031746032
    },
    {
      "delegations": 126,
      "total_price": 1.8666659999999995,
      "total_reward": 135.3596257570619,
      "total_cost": 0.6706267500000002,
      "avg_reward": 1.0742827441036662,
      "user_utility": 133.4929597570619,
      "provider_utility": 0.2627062499999996,
      "total_prompt_tokens": 333582,
      "total_completion_tokens": 57728,
      "total_tokens": 391310,
      "avg_tokens_per_delegation": 3105.6349206349205
    },
    {
      "delegations": 126,
      "total_price": 1.8664259999999997,
      "total_reward": 142.3571617528858,
      "total_cost": 0.6859014999999998,
      "avg_reward": 1.1298187440705216,
      "user_utility": 140.4907357528858,
      "provider_utility": 0.24731150000000002,
      "total_prompt_tokens": 325932,
      "total_completion_tokens": 59242,
      "total_tokens": 385174,
      "avg_tokens_per_delegation": 3056.936507936508
    }
  ]
}