{
  "total_time": 1000000,
  "total_delegations": 956074,
  "best_provider_idx": 0,
  "R": 914175,
  "delta1": 11.195840192374956,
  "delta2": 0.0,
  "delta3": null,
  "M": 0.23637291771156435,
  "providers": [
    {
      "delegations": 930911,
      "delta": 2.2041526842450967,
      "total_output_tokens": 6228066993.0,
      "total_reported_output_tokens": 6574750267.0,
      "total_reported_price": 65747.50267,
      "total_costs": 55077.35367603602,
      "total_rewards": 916955.9888609896,
      "total_user_utility": 851208.4861909905,
      "total_provider_utility": 4095.398726964001
    },
    {
      "delegations": 7962,
      "delta": -0.9582163146981415,
      "total_output_tokens": 85883368.0,
      "total_reported_output_tokens": 303017796.0,
      "total_reported_price": 1333.2783024,
      "total_costs": 169.276118328,
      "total_rewards": 4302.334679548596,
      "total_user_utility": 2969.056377148595,
      "total_provider_utility": 1030.6743538320002
    },
    {
      "delegations": 17201,
      "delta": 2.320838458161751,
      "total_output_tokens": 158656238.0,
      "total_reported_output_tokens": 518247754.0,
      "total_reported_price": 2280.2901176,
      "total_costs": 342.787102164,
      "total_rewards": 9413.439190749676,
      "total_user_utility": 7133.149073149677,
      "total_provider_utility": 1709.4740036760002
    }
  ]
}