{
  "total_time": 1000,
  "total_delegations": 954,
  "best_provider_idx": 1,
  "providers": [
    {
      "delegations": 6,
      "total_price": 1.6513800000000003,
      "total_reward": 23.391069546891465,
      "total_cost": 0.28780500000000003,
      "avg_reward": 3.8985115911485777,
      "profit": 21.739689546891466,
      "provider_utility": 0.042471000000000037,
      "total_prompt_tokens": 14256,
      "total_completion_tokens": 23959,
      "total_tokens": 38215,
      "avg_tokens_per_delegation": 6369.166666666667
    },
    {
      "delegations": 942,
      "total_price": 30.75894030000002,
      "total_reward": 3838.4447360083104,
      "total_cost": 12.456108143999998,
      "avg_reward": 4.074782097673364,
      "profit": 3807.6857957083103,
      "provider_utility": 5.999256036000013,
      "total_prompt_tokens": 2286213,
      "total_completion_tokens": 6419115,
      "total_tokens": 8705328,
      "avg_tokens_per_delegation": 9241.324840764331
    },
    {
      "delegations": 6,
      "total_price": 0.51621,
      "total_reward": 9.688284282748036,
      "total_cost": 0.1076508,
      "avg_reward": 1.6147140471246726,
      "profit": 9.172074282748037,
      "provider_utility": 0.0988332,
      "total_prompt_tokens": 14439,
      "total_completion_tokens": 1384,
      "total_tokens": 15823,
      "avg_tokens_per_delegation": 2637.1666666666665
    }
  ]
}