{
  "total_time": 1000,
  "total_delegations": 378,
  "best_provider_idx": 0,
  "providers": [
    {
      "delegations": 126,
      "total_price": 1.9063499999999993,
      "total_reward": 139.9116897941466,
      "total_cost": 0.6904687500000001,
      "avg_reward": 1.110410236461481,
      "user_utility": 138.0053397941466,
      "provider_utility": 0.2627062499999996,
      "total_prompt_tokens": 333060,
      "total_completion_tokens": 60478,
      "total_tokens": 393538,
      "avg_tokens_per_delegation": 3123.3174603174602
    },
    {
      "delegations": 126,
      "total_price": 1.8674309999999998,
      "total_reward": 140.7505476012178,
      "total_cost": 0.6707429999999996,
      "avg_reward": 1.1170678381049033,
      "user_utility": 138.88311660121778,
      "provider_utility": 0.2629725000000003,
      "total_prompt_tokens": 334362,
      "total_completion_tokens": 57623,
      "total_tokens": 391985,
      "avg_tokens_per_delegation": 3110.9920634920636
    },
    {
      "delegations": 126,
      "total_price": 1.2282720000000003,
      "total_reward": 77.56835862745534,
      "total_cost": 0.09186899999999998,
      "avg_reward": 0.615621893868693,
      "user_utility": 76.34008662745534,
      "provider_utility": 0.5222670000000001,
      "total_prompt_tokens": 304554,
      "total_completion_tokens": 20974,
      "total_tokens": 325528,
      "avg_tokens_per_delegation": 2583.5555555555557
    }
  ]
}