{
  "total_time": 1000,
  "total_delegations": 959,
  "best_provider_idx": 1,
  "providers": [
    {
      "delegations": 6,
      "total_price": 1.9298250000000001,
      "total_reward": 22.891069546891465,
      "total_cost": 0.21312530000000002,
      "avg_reward": 3.8151782578152442,
      "profit": 20.961244546891464,
      "provider_utility": 0.17283970000000004,
      "total_prompt_tokens": 14623,
      "total_completion_tokens": 28508,
      "total_tokens": 43131,
      "avg_tokens_per_delegation": 7188.5
    },
    {
      "delegations": 947,
      "total_price": 37.89898420000003,
      "total_reward": 4948.791902733181,
      "total_cost": 22.73939052000001,
      "avg_reward": 5.225757025061438,
      "profit": 4910.892918533181,
      "provider_utility": 7.105427357601002e-15,
      "total_prompt_tokens": 2300146,
      "total_completion_tokens": 8038369,
      "total_tokens": 10338515,
      "avg_tokens_per_delegation": 10917.122492080254
    },
    {
      "delegations": 6,
      "total_price": 0.5156999999999999,
      "total_reward": 9.832515051978804,
      "total_cost": 0.10765020000000002,
      "avg_reward": 1.638752508663134,
      "profit": 9.316815051978804,
      "provider_utility": 0.09862979999999998,
      "total_prompt_tokens": 14394,
      "total_completion_tokens": 1398,
      "total_tokens": 15792,
      "avg_tokens_per_delegation": 2632.0
    }
  ]
}