{
  "total_time": 1000,
  "total_delegations": 378,
  "best_provider_idx": 0,
  "providers": [
    {
      "delegations": 126,
      "total_price": 1.9297049999999993,
      "total_reward": 228.8970067712663,
      "total_cost": 0.69443975,
      "avg_reward": 1.8166429108830646,
      "user_utility": 226.96730177126628,
      "provider_utility": 0.27041274999999965,
      "total_prompt_tokens": 324330,
      "total_completion_tokens": 63781,
      "total_tokens": 388111,
      "avg_tokens_per_delegation": 3080.246031746032
    },
    {
      "delegations": 126,
      "total_price": 1.231977,
      "total_reward": 131.59475578790457,
      "total_cost": 0.09234075,
      "avg_reward": 1.044402823713528,
      "user_utility": 130.36277878790457,
      "provider_utility": 0.5236477500000001,
      "total_prompt_tokens": 307419,
      "total_completion_tokens": 20648,
      "total_tokens": 328067,
      "avg_tokens_per_delegation": 2603.7063492063494
    },
    {
      "delegations": 126,
      "total_price": 1.766439,
      "total_reward": 211.31739020716202,
      "total_cost": 0.60310575,
      "avg_reward": 1.6771221445012856,
      "user_utility": 209.55095120716203,
      "provider_utility": 0.28011375000000005,
      "total_prompt_tokens": 321138,
      "total_completion_tokens": 53535,
      "total_tokens": 374673,
      "avg_tokens_per_delegation": 2973.595238095238
    }
  ]
}