{
  "total_time": 1000,
  "total_delegations": 383,
  "best_provider_idx": 0,
  "providers": [
    {
      "delegations": 131,
      "total_price": 2.0066729999999993,
      "total_reward": 475.1685231816868,
      "total_cost": 0.7233162500000001,
      "avg_reward": 3.6272406349747066,
      "user_utility": 473.1618501816868,
      "provider_utility": 0.2800202499999995,
      "total_prompt_tokens": 336111,
      "total_completion_tokens": 66556,
      "total_tokens": 402667,
      "avg_tokens_per_delegation": 3073.793893129771
    },
    {
      "delegations": 126,
      "total_price": 1.2323969999999997,
      "total_reward": 262.47958987931327,
      "total_cost": 0.09238725,
      "avg_reward": 2.083171348248518,
      "user_utility": 261.2471928793133,
      "provider_utility": 0.5238112499999998,
      "total_prompt_tokens": 307674,
      "total_completion_tokens": 20625,
      "total_tokens": 328299,
      "avg_tokens_per_delegation": 2605.5476190476193
    },
    {
      "delegations": 126,
      "total_price": 1.7577690000000001,
      "total_reward": 414.7912801320773,
      "total_cost": 0.5944214999999999,
      "avg_reward": 3.291994286762519,
      "user_utility": 413.0335111320773,
      "provider_utility": 0.28446300000000013,
      "total_prompt_tokens": 320508,
      "total_completion_tokens": 53083,
      "total_tokens": 373591,
      "avg_tokens_per_delegation": 2965.0079365079364
    }
  ]
}