{
  "total_time": 1000,
  "total_delegations": 378,
  "best_provider_idx": 0,
  "providers": [
    {
      "delegations": 126,
      "total_price": 1.9297049999999993,
      "total_reward": 137.33820406275962,
      "total_cost": 0.69443975,
      "avg_reward": 1.0899857465298388,
      "user_utility": 135.4084990627596,
      "provider_utility": 0.27041274999999965,
      "total_prompt_tokens": 324330,
      "total_completion_tokens": 63781,
      "total_tokens": 388111,
      "avg_tokens_per_delegation": 3080.246031746032
    },
    {
      "delegations": 126,
      "total_price": 1.231977,
      "total_reward": 78.95685347274272,
      "total_cost": 0.09234075,
      "avg_reward": 0.6266416942281171,
      "user_utility": 77.72487647274272,
      "provider_utility": 0.5236477500000001,
      "total_prompt_tokens": 307419,
      "total_completion_tokens": 20648,
      "total_tokens": 328067,
      "avg_tokens_per_delegation": 2603.7063492063494
    },
    {
      "delegations": 126,
      "total_price": 1.766439,
      "total_reward": 126.79043412429724,
      "total_cost": 0.60310575,
      "avg_reward": 1.0062732867007718,
      "user_utility": 125.02399512429723,
      "provider_utility": 0.28011375000000005,
      "total_prompt_tokens": 321138,
      "total_completion_tokens": 53535,
      "total_tokens": 374673,
      "avg_tokens_per_delegation": 2973.595238095238
    }
  ]
}