{
  "total_time": 1000,
  "total_delegations": 378,
  "best_provider_idx": 2,
  "providers": [
    {
      "delegations": 126,
      "total_price": 2.0164950000000004,
      "total_reward": 464.3720458543732,
      "total_cost": 0.7948759999999997,
      "avg_reward": 3.6854924274156606,
      "user_utility": 462.3555508543732,
      "provider_utility": 0.2133715000000005,
      "total_prompt_tokens": 331695,
      "total_completion_tokens": 68094,
      "total_tokens": 399789,
      "avg_tokens_per_delegation": 3172.9285714285716
    },
    {
      "delegations": 126,
      "total_price": 1.9056989999999998,
      "total_reward": 459.11631661747015,
      "total_cost": 0.7137054999999999,
      "avg_reward": 3.643780290614842,
      "user_utility": 457.2106176174701,
      "provider_utility": 0.23914400000000002,
      "total_prompt_tokens": 327603,
      "total_completion_tokens": 61526,
      "total_tokens": 389129,
      "avg_tokens_per_delegation": 3088.3253968253966
    },
    {
      "delegations": 126,
      "total_price": 1.8481229999999997,
      "total_reward": 446.5747160780938,
      "total_cost": 0.6613552500000004,
      "avg_reward": 3.5442437783975684,
      "user_utility": 444.7265930780938,
      "provider_utility": 0.2627062499999995,
      "total_prompt_tokens": 334266,
      "total_completion_tokens": 56355,
      "total_tokens": 390621,
      "avg_tokens_per_delegation": 3100.1666666666665
    }
  ]
}