{
  "total_time": 1000,
  "total_delegations": 378,
  "best_provider_idx": 2,
  "providers": [
    {
      "delegations": 126,
      "total_price": 1.9152839999999998,
      "total_reward": 133.93153542102027,
      "total_cost": 0.7149194999999997,
      "avg_reward": 1.0629486938176211,
      "user_utility": 132.01625142102029,
      "provider_utility": 0.24272250000000017,
      "total_prompt_tokens": 327903,
      "total_completion_tokens": 62105,
      "total_tokens": 390008,
      "avg_tokens_per_delegation": 3095.3015873015875
    },
    {
      "delegations": 126,
      "total_price": 1.9277429999999998,
      "total_reward": 140.40674310876656,
      "total_cost": 0.7262945000000001,
      "avg_reward": 1.1143392310219569,
      "user_utility": 138.47900010876657,
      "provider_utility": 0.23757699999999982,
      "total_prompt_tokens": 328221,
      "total_completion_tokens": 62872,
      "total_tokens": 391093,
      "avg_tokens_per_delegation": 3103.9126984126983
    },
    {
      "delegations": 126,
      "total_price": 1.8481229999999997,
      "total_reward": 133.9724148234281,
      "total_cost": 0.6613552500000004,
      "avg_reward": 1.0632731335192707,
      "user_utility": 132.1242918234281,
      "provider_utility": 0.2627062499999995,
      "total_prompt_tokens": 334266,
      "total_completion_tokens": 56355,
      "total_tokens": 390621,
      "avg_tokens_per_delegation": 3100.1666666666665
    }
  ]
}