{
  "total_time": 1000,
  "total_delegations": 383,
  "best_provider_idx": 0,
  "providers": [
    {
      "delegations": 131,
      "total_price": 1.9502999999999993,
      "total_reward": 471.4112314606519,
      "total_cost": 0.6937942500000001,
      "avg_reward": 3.5985590187836025,
      "user_utility": 469.46093146065186,
      "provider_utility": 0.28135574999999957,
      "total_prompt_tokens": 344340,
      "total_completion_tokens": 61152,
      "total_tokens": 405492,
      "avg_tokens_per_delegation": 3095.358778625954
    },
    {
      "delegations": 126,
      "total_price": 1.2323969999999997,
      "total_reward": 262.47958987931327,
      "total_cost": 0.09238725,
      "avg_reward": 2.083171348248518,
      "user_utility": 261.2471928793133,
      "provider_utility": 0.5238112499999998,
      "total_prompt_tokens": 307674,
      "total_completion_tokens": 20625,
      "total_tokens": 328299,
      "avg_tokens_per_delegation": 2605.5476190476193
    },
    {
      "delegations": 126,
      "total_price": 2.4656700000000025,
      "total_reward": 650.688301930108,
      "total_cost": 1.2328350000000012,
      "avg_reward": 5.164192872461174,
      "user_utility": 648.2226319301079,
      "provider_utility": 0.0,
      "total_prompt_tokens": 362790,
      "total_completion_tokens": 91820,
      "total_tokens": 454610,
      "avg_tokens_per_delegation": 3608.0158730158732
    }
  ]
}