{
  "total_time": 1000,
  "total_delegations": 383,
  "best_provider_idx": 2,
  "providers": [
    {
      "delegations": 126,
      "total_price": 1.9960019999999994,
      "total_reward": 432.3181552080647,
      "total_cost": 0.7481082499999999,
      "avg_reward": 3.431096469905276,
      "user_utility": 430.3221532080647,
      "provider_utility": 0.24989274999999977,
      "total_prompt_tokens": 325869,
      "total_completion_tokens": 67893,
      "total_tokens": 393762,
      "avg_tokens_per_delegation": 3125.095238095238
    },
    {
      "delegations": 126,
      "total_price": 1.227657,
      "total_reward": 270.18717838441535,
      "total_cost": 0.09209775000000003,
      "avg_reward": 2.144342685590598,
      "user_utility": 268.9595213844153,
      "provider_utility": 0.5217307499999999,
      "total_prompt_tokens": 307149,
      "total_completion_tokens": 20414,
      "total_tokens": 327563,
      "avg_tokens_per_delegation": 2599.7063492063494
    },
    {
      "delegations": 131,
      "total_price": 1.919268,
      "total_reward": 457.68266973174366,
      "total_cost": 0.6712859999999997,
      "avg_reward": 3.493760837646898,
      "user_utility": 455.76340173174367,
      "provider_utility": 0.28834800000000027,
      "total_prompt_tokens": 329976,
      "total_completion_tokens": 61956,
      "total_tokens": 391932,
      "avg_tokens_per_delegation": 2991.8473282442746
    }
  ]
}