{
  "total_time": 1000,
  "total_delegations": 378,
  "best_provider_idx": 2,
  "providers": [
    {
      "delegations": 126,
      "total_price": 1.8156749999999997,
      "total_reward": 193.11347884296413,
      "total_cost": 0.6085382499999997,
      "avg_reward": 1.5326466574838422,
      "user_utility": 191.29780384296413,
      "provider_utility": 0.2992992500000001,
      "total_prompt_tokens": 318810,
      "total_completion_tokens": 57283,
      "total_tokens": 376093,
      "avg_tokens_per_delegation": 2984.8650793650795
    },
    {
      "delegations": 126,
      "total_price": 1.225932,
      "total_reward": 132.8778958533235,
      "total_cost": 0.09197550000000004,
      "avg_reward": 1.054586475026377,
      "user_utility": 131.6519638533235,
      "provider_utility": 0.5209904999999999,
      "total_prompt_tokens": 306789,
      "total_completion_tokens": 20371,
      "total_tokens": 327160,
      "avg_tokens_per_delegation": 2596.5079365079364
    },
    {
      "delegations": 126,
      "total_price": 1.860723,
      "total_reward": 251.65428696075475,
      "total_cost": 0.6743645,
      "avg_reward": 1.9972562457202763,
      "user_utility": 249.79356396075474,
      "provider_utility": 0.2559969999999999,
      "total_prompt_tokens": 322656,
      "total_completion_tokens": 59517,
      "total_tokens": 382173,
      "avg_tokens_per_delegation": 3033.1190476190477
    }
  ]
}