{
  "total_time": 1000000,
  "total_delegations": 952304,
  "best_provider_idx": 0,
  "R": 903764,
  "delta1": 11.195840192374956,
  "delta2": 0.0,
  "delta3": null,
  "M": 0.23637291771156435,
  "providers": [
    {
      "delegations": 920544,
      "delta": 2.214950822197354,
      "total_output_tokens": 6162225770.0,
      "total_reported_output_tokens": 6509969480.0,
      "total_reported_price": 65099.694800000005,
      "total_costs": 54480.466047672,
      "total_rewards": 906828.7351348265,
      "total_user_utility": 841729.0403348275,
      "total_provider_utility": 4109.259272328
    },
    {
      "delegations": 14655,
      "delta": 1.6812487894839665,
      "total_output_tokens": 122595433.0,
      "total_reported_output_tokens": 122595433.0,
      "total_reported_price": 539.4199052,
      "total_costs": 485.4779146800001,
      "total_rewards": 11424.259626942276,
      "total_user_utility": 10884.839721742275,
      "total_provider_utility": 0.0
    },
    {
      "delegations": 17105,
      "delta": 2.2966818006784564,
      "total_output_tokens": 157848002.0,
      "total_reported_output_tokens": 514985346.0,
      "total_reported_price": 2265.9355223999996,
      "total_costs": 341.972086248,
      "total_rewards": 9422.788089379937,
      "total_user_utility": 7156.852566979937,
      "total_provider_utility": 1697.3698839120002
    }
  ]
}