{
  "total_time": 1000,
  "total_delegations": 908,
  "best_provider_idx": 1,
  "providers": [
    {
      "delegations": 6,
      "total_price": 1.861935,
      "total_reward": 10.757091539700236,
      "total_cost": 0.22993651999999998,
      "avg_reward": 1.7928485899500393,
      "profit": 8.895156539700235,
      "provider_utility": 0.14245048000000005,
      "total_prompt_tokens": 14469,
      "total_completion_tokens": 27415,
      "total_tokens": 41884,
      "avg_tokens_per_delegation": 6980.666666666667
    },
    {
      "delegations": 896,
      "total_price": 28.857591400000015,
      "total_reward": 3426.9090608619167,
      "total_cost": 11.75307057599999,
      "avg_reward": 3.8246752911405335,
      "profit": 3398.051469461917,
      "provider_utility": 5.561484264000017,
      "total_prompt_tokens": 2175570,
      "total_completion_tokens": 6014651,
      "total_tokens": 8190221,
      "avg_tokens_per_delegation": 9140.871651785714
    },
    {
      "delegations": 6,
      "total_price": 0.56139,
      "total_reward": 18.14068105807236,
      "total_cost": 0.0471668,
      "avg_reward": 3.02344684301206,
      "profit": 17.57929105807236,
      "provider_utility": 0.17738919999999997,
      "total_prompt_tokens": 14499,
      "total_completion_tokens": 2107,
      "total_tokens": 16606,
      "avg_tokens_per_delegation": 2767.6666666666665
    }
  ]
}