{
  "total_time": 1000000,
  "total_delegations": 52677,
  "best_provider_idx": 0,
  "R": 903639,
  "delta1": 11.195840192374956,
  "delta2": 0.0,
  "delta3": null,
  "M": 0.23637291771156435,
  "providers": [
    {
      "delegations": 20792,
      "delta": 2.22278922786706,
      "total_output_tokens": 208961115.0,
      "total_reported_output_tokens": 449551846.0,
      "total_reported_price": 4495.518460000001,
      "total_costs": 595.861945668,
      "total_rewards": 13039.020763162587,
      "total_user_utility": 8543.502303162588,
      "total_provider_utility": 3450.1046683320005
    },
    {
      "delegations": 14705,
      "delta": 1.6938948180849598,
      "total_output_tokens": 149240515.0,
      "total_reported_output_tokens": 441311688.0,
      "total_reported_price": 1941.7714271999996,
      "total_costs": 360.14349240900003,
      "total_rewards": 8863.273391987805,
      "total_user_utility": 6921.501964787805,
      "total_provider_utility": 1387.4507920710003
    },
    {
      "delegations": 17180,
      "delta": 2.31529856501542,
      "total_output_tokens": 158034290.0,
      "total_reported_output_tokens": 517664713.0,
      "total_reported_price": 2277.7247372,
      "total_costs": 341.99121870899995,
      "total_rewards": 9505.527463514563,
      "total_user_utility": 7227.802726314562,
      "total_provider_utility": 1707.9610447710002
    }
  ]
}