{
  "total_time": 1000000,
  "total_delegations": 52634,
  "best_provider_idx": 0,
  "R": 903604,
  "delta1": 11.195840192374956,
  "delta2": 0.0,
  "delta3": null,
  "M": 0.23637291771156435,
  "providers": [
    {
      "delegations": 20714,
      "delta": 2.2032202087036055,
      "total_output_tokens": 174708117.0,
      "total_reported_output_tokens": 663428048.0,
      "total_reported_price": 6634.280480000001,
      "total_costs": 901.438864416,
      "total_rewards": 16493.110665314984,
      "total_user_utility": 9858.830185314982,
      "total_provider_utility": 5069.413567584001
    },
    {
      "delegations": 14712,
      "delta": 1.6956219004449038,
      "total_output_tokens": 149606231.0,
      "total_reported_output_tokens": 441728232.0,
      "total_reported_price": 1943.6042208,
      "total_costs": 361.162943127,
      "total_rewards": 8832.306672480092,
      "total_user_utility": 6888.702451680092,
      "total_provider_utility": 1388.0808555930003
    },
    {
      "delegations": 17208,
      "delta": 2.322408271002883,
      "total_output_tokens": 158419793.0,
      "total_reported_output_tokens": 518763225.0,
      "total_reported_price": 2282.55819,
      "total_costs": 342.816459354,
      "total_rewards": 9509.229598304086,
      "total_user_utility": 7226.671408304087,
      "total_provider_utility": 1711.4859116460004
    }
  ]
}