{
  "total_time": 1000000,
  "total_delegations": 952284,
  "best_provider_idx": 0,
  "R": 903523,
  "delta1": 11.195840192374956,
  "delta2": 0.0,
  "delta3": null,
  "M": 0.23637291771156435,
  "providers": [
    {
      "delegations": 920282,
      "delta": 2.2097502361933463,
      "total_output_tokens": 6161141114.0,
      "total_reported_output_tokens": 6509223804.0,
      "total_reported_price": 65092.23803999998,
      "total_costs": 54478.70453741398,
      "total_rewards": 906343.0179503992,
      "total_user_utility": 841250.7799103993,
      "total_provider_utility": 4104.309698586001
    },
    {
      "delegations": 14759,
      "delta": 1.7072147424349227,
      "total_output_tokens": 122704187.0,
      "total_reported_output_tokens": 122704187.0,
      "total_reported_price": 539.8984228,
      "total_costs": 485.90858052000004,
      "total_rewards": 11517.859175824095,
      "total_user_utility": 10977.960753024094,
      "total_provider_utility": 0.0
    },
    {
      "delegations": 17243,
      "delta": 2.331243415282896,
      "total_output_tokens": 158867551.0,
      "total_reported_output_tokens": 519936040.0,
      "total_reported_price": 2287.718576,
      "total_costs": 343.38231173699995,
      "total_rewards": 9444.245446649007,
      "total_user_utility": 7156.526870649006,
      "total_provider_utility": 1715.5644066630002
    }
  ]
}