{
  "total_time": 1000,
  "total_delegations": 378,
  "best_provider_idx": 0,
  "providers": [
    {
      "delegations": 126,
      "total_price": 2.5221090000000004,
      "total_reward": 367.3137958556901,
      "total_cost": 1.2610545000000002,
      "avg_reward": 2.9151888559975414,
      "user_utility": 364.7916868556901,
      "provider_utility": 0.0,
      "total_prompt_tokens": 359298,
      "total_completion_tokens": 96281,
      "total_tokens": 455579,
      "avg_tokens_per_delegation": 3615.7063492063494
    },
    {
      "delegations": 126,
      "total_price": 1.9396560000000007,
      "total_reward": 235.02403246325477,
      "total_cost": 0.7121992499999995,
      "avg_reward": 1.8652700989147206,
      "user_utility": 233.08437646325476,
      "provider_utility": 0.25762875000000085,
      "total_prompt_tokens": 325017,
      "total_completion_tokens": 64307,
      "total_tokens": 389324,
      "avg_tokens_per_delegation": 3089.873015873016
    },
    {
      "delegations": 126,
      "total_price": 1.8324569999999991,
      "total_reward": 218.76996456445303,
      "total_cost": 0.65138625,
      "avg_reward": 1.7362695600353415,
      "user_utility": 216.93750756445303,
      "provider_utility": 0.2648422499999995,
      "total_prompt_tokens": 320274,
      "total_completion_tokens": 58109,
      "total_tokens": 378383,
      "avg_tokens_per_delegation": 3003.0396825396824
    }
  ]
}