{
  "total_time": 1000,
  "total_delegations": 378,
  "best_provider_idx": 0,
  "providers": [
    {
      "delegations": 126,
      "total_price": 2.5221090000000004,
      "total_reward": 220.388277513414,
      "total_cost": 1.2610545000000002,
      "avg_reward": 1.7491133135985246,
      "user_utility": 217.866168513414,
      "provider_utility": 0.0,
      "total_prompt_tokens": 359298,
      "total_completion_tokens": 96281,
      "total_tokens": 455579,
      "avg_tokens_per_delegation": 3615.7063492063494
    },
    {
      "delegations": 126,
      "total_price": 1.9396560000000007,
      "total_reward": 141.01441947795294,
      "total_cost": 0.7121992499999995,
      "avg_reward": 1.1191620593488327,
      "user_utility": 139.07476347795293,
      "provider_utility": 0.25762875000000085,
      "total_prompt_tokens": 325017,
      "total_completion_tokens": 64307,
      "total_tokens": 389324,
      "avg_tokens_per_delegation": 3089.873015873016
    },
    {
      "delegations": 126,
      "total_price": 1.8324569999999991,
      "total_reward": 131.26197873867184,
      "total_cost": 0.65138625,
      "avg_reward": 1.041761736021205,
      "user_utility": 129.42952173867184,
      "provider_utility": 0.2648422499999995,
      "total_prompt_tokens": 320274,
      "total_completion_tokens": 58109,
      "total_tokens": 378383,
      "avg_tokens_per_delegation": 3003.0396825396824
    }
  ]
}