{
  "total_time": 1000000,
  "total_delegations": 956076,
  "best_provider_idx": 0,
  "R": 914182,
  "delta1": 11.195840192374956,
  "delta2": 0.0,
  "delta3": null,
  "M": 0.23637291771156435,
  "providers": [
    {
      "delegations": 930878,
      "delta": 2.19402394872056,
      "total_output_tokens": 6180408272.0,
      "total_reported_output_tokens": 6180408272.0,
      "total_reported_price": 61804.082720000006,
      "total_costs": 55623.674448,
      "total_rewards": 922655.7159506817,
      "total_user_utility": 860851.6332306815,
      "total_provider_utility": 0.0
    },
    {
      "delegations": 7962,
      "delta": -0.9686119224980256,
      "total_output_tokens": 86407665.0,
      "total_reported_output_tokens": 303017796.0,
      "total_reported_price": 1333.2783024,
      "total_costs": 170.309507715,
      "total_rewards": 4245.90823236558,
      "total_user_utility": 2912.6299299655793,
      "total_provider_utility": 1029.640964445
    },
    {
      "delegations": 17236,
      "delta": 2.32958467608684,
      "total_output_tokens": 158924678.0,
      "total_reported_output_tokens": 519588582.0,
      "total_reported_price": 2286.1897608,
      "total_costs": 343.33369662599995,
      "total_rewards": 9427.024372257194,
      "total_user_utility": 7140.834611457192,
      "total_provider_utility": 1714.2370880940002
    }
  ]
}