{
  "total_time": 1000,
  "total_delegations": 952,
  "best_provider_idx": 0,
  "providers": [
    {
      "delegations": 940,
      "total_price": 634.4340449999997,
      "total_reward": 4081.4116003669983,
      "total_cost": 126.88680899999983,
      "avg_reward": 4.341927234432978,
      "profit": 3446.977555366999,
      "provider_utility": 1.2789769243681803e-13,
      "total_prompt_tokens": 2282315,
      "total_completion_tokens": 10003322,
      "total_tokens": 12285637,
      "avg_tokens_per_delegation": 13069.82659574468
    },
    {
      "delegations": 6,
      "total_price": 0.174625,
      "total_reward": 16.880567599527,
      "total_cost": 0.06380460599999999,
      "avg_reward": 2.8134279332545002,
      "profit": 16.705942599527003,
      "provider_utility": 0.04097039400000001,
      "total_prompt_tokens": 14602,
      "total_completion_tokens": 36037,
      "total_tokens": 50639,
      "avg_tokens_per_delegation": 8439.833333333334
    },
    {
      "delegations": 6,
      "total_price": 0.49614,
      "total_reward": 9.476284584980236,
      "total_cost": 0.1074636,
      "avg_reward": 1.5793807641633728,
      "profit": 8.980144584980236,
      "provider_utility": 0.09099240000000001,
      "total_prompt_tokens": 14304,
      "total_completion_tokens": 1117,
      "total_tokens": 15421,
      "avg_tokens_per_delegation": 2570.1666666666665
    }
  ]
}