{
  "total_time": 1000,
  "total_delegations": 939,
  "best_provider_idx": 0,
  "providers": [
    {
      "delegations": 927,
      "total_price": 400.6768050000003,
      "total_reward": 3150.1316888276247,
      "total_cost": 75.04518788999991,
      "avg_reward": 3.3982003115724093,
      "profit": 2749.454883827624,
      "provider_utility": 5.090173110000151,
      "total_prompt_tokens": 2251059,
      "total_completion_tokens": 6115182,
      "total_tokens": 8366241,
      "avg_tokens_per_delegation": 9025.071197411004
    },
    {
      "delegations": 6,
      "total_price": 0.1187637,
      "total_reward": 8.548484848484849,
      "total_cost": 0.04157757,
      "avg_reward": 1.4247474747474749,
      "profit": 8.429721148484848,
      "provider_utility": 0.029680649999999996,
      "total_prompt_tokens": 14615,
      "total_completion_tokens": 23338,
      "total_tokens": 37953,
      "avg_tokens_per_delegation": 6325.5
    },
    {
      "delegations": 6,
      "total_price": 0.49188000000000004,
      "total_reward": 9.491742702422016,
      "total_cost": 0.0034704000000000002,
      "avg_reward": 1.581957117070336,
      "profit": 8.999862702422016,
      "provider_utility": 0.19328160000000003,
      "total_prompt_tokens": 14484,
      "total_completion_tokens": 956,
      "total_tokens": 15440,
      "avg_tokens_per_delegation": 2573.3333333333335
    }
  ]
}