{
  "total_time": 1000,
  "total_delegations": 942,
  "best_provider_idx": 2,
  "providers": [
    {
      "delegations": 6,
      "total_price": 0.44648999999999994,
      "total_reward": 13.498362662905512,
      "total_cost": 0.00089298,
      "avg_reward": 2.249727110484252,
      "profit": 13.051872662905511,
      "provider_utility": 0.08840501999999999,
      "total_prompt_tokens": 14394,
      "total_completion_tokens": 3843,
      "total_tokens": 18237,
      "avg_tokens_per_delegation": 3039.5
    },
    {
      "delegations": 6,
      "total_price": 0.0664323,
      "total_reward": 15.849500217296827,
      "total_cost": 0.029568570000000002,
      "avg_reward": 2.6415833695494713,
      "profit": 15.783067917296826,
      "provider_utility": 0.010290809999999997,
      "total_prompt_tokens": 14661,
      "total_completion_tokens": 11433,
      "total_tokens": 26094,
      "avg_tokens_per_delegation": 4349.0
    },
    {
      "delegations": 930,
      "total_price": 77.36796000000002,
      "total_reward": 1291.4316353439056,
      "total_cost": 0.6517272000000004,
      "avg_reward": 1.3886361670364566,
      "profit": 1214.0636753439055,
      "provider_utility": 30.29545680000001,
      "total_prompt_tokens": 2258850,
      "total_completion_tokens": 160041,
      "total_tokens": 2418891,
      "avg_tokens_per_delegation": 2600.958064516129
    }
  ]
}