{
  "total_time": 1000,
  "total_delegations": 378,
  "best_provider_idx": 0,
  "providers": [
    {
      "delegations": 126,
      "total_price": 1.9063499999999993,
      "total_reward": 466.37229931382205,
      "total_cost": 0.6904687500000001,
      "avg_reward": 3.7013674548716033,
      "user_utility": 464.4659493138221,
      "provider_utility": 0.2627062499999996,
      "total_prompt_tokens": 333060,
      "total_completion_tokens": 60478,
      "total_tokens": 393538,
      "avg_tokens_per_delegation": 3123.3174603174602
    },
    {
      "delegations": 126,
      "total_price": 2.5063410000000004,
      "total_reward": 669.7811073768268,
      "total_cost": 1.2531705000000002,
      "avg_reward": 5.31572307441926,
      "user_utility": 667.2747663768267,
      "provider_utility": 0.0,
      "total_prompt_tokens": 361602,
      "total_completion_tokens": 94769,
      "total_tokens": 456371,
      "avg_tokens_per_delegation": 3621.9920634920636
    },
    {
      "delegations": 126,
      "total_price": 1.912929,
      "total_reward": 465.04598485936697,
      "total_cost": 0.7172624999999999,
      "avg_reward": 3.6908411496775155,
      "user_utility": 463.13305585936695,
      "provider_utility": 0.23920200000000014,
      "total_prompt_tokens": 324333,
      "total_completion_tokens": 62662,
      "total_tokens": 386995,
      "avg_tokens_per_delegation": 3071.3888888888887
    }
  ]
}