{
  "total_time": 1000,
  "total_delegations": 378,
  "best_provider_idx": 0,
  "providers": [
    {
      "delegations": 126,
      "total_price": 1.9063499999999993,
      "total_reward": 233.18614965691103,
      "total_cost": 0.6904687500000001,
      "avg_reward": 1.8506837274358017,
      "user_utility": 231.27979965691102,
      "provider_utility": 0.2627062499999996,
      "total_prompt_tokens": 333060,
      "total_completion_tokens": 60478,
      "total_tokens": 393538,
      "avg_tokens_per_delegation": 3123.3174603174602
    },
    {
      "delegations": 126,
      "total_price": 2.5063410000000004,
      "total_reward": 334.8905536884134,
      "total_cost": 1.2531705000000002,
      "avg_reward": 2.65786153720963,
      "user_utility": 332.38421268841336,
      "provider_utility": 0.0,
      "total_prompt_tokens": 361602,
      "total_completion_tokens": 94769,
      "total_tokens": 456371,
      "avg_tokens_per_delegation": 3621.9920634920636
    },
    {
      "delegations": 126,
      "total_price": 1.8480569999999998,
      "total_reward": 222.0860957954869,
      "total_cost": 0.667601,
      "avg_reward": 1.7625880618689436,
      "user_utility": 220.2380387954869,
      "provider_utility": 0.2564274999999999,
      "total_prompt_tokens": 320649,
      "total_completion_tokens": 59074,
      "total_tokens": 379723,
      "avg_tokens_per_delegation": 3013.6746031746034
    }
  ]
}