{
  "total_time": 1000,
  "total_delegations": 378,
  "best_provider_idx": 1,
  "providers": [
    {
      "delegations": 126,
      "total_price": 1.2568920000000006,
      "total_reward": 257.3182989634678,
      "total_cost": 0.09350549999999996,
      "avg_reward": 2.042208721932284,
      "user_utility": 256.0614069634678,
      "provider_utility": 0.5349405000000003,
      "total_prompt_tokens": 306609,
      "total_completion_tokens": 22471,
      "total_tokens": 329080,
      "avg_tokens_per_delegation": 2611.746031746032
    },
    {
      "delegations": 126,
      "total_price": 2.482425,
      "total_reward": 719.454044921098,
      "total_cost": 1.2412125,
      "avg_reward": 5.709952737469033,
      "user_utility": 716.971619921098,
      "provider_utility": 0.0,
      "total_prompt_tokens": 359820,
      "total_completion_tokens": 93531,
      "total_tokens": 453351,
      "avg_tokens_per_delegation": 3598.0238095238096
    },
    {
      "delegations": 126,
      "total_price": 1.2282720000000003,
      "total_reward": 258.561195424851,
      "total_cost": 0.09186899999999998,
      "avg_reward": 2.0520729795623094,
      "user_utility": 257.332923424851,
      "provider_utility": 0.5222670000000001,
      "total_prompt_tokens": 304554,
      "total_completion_tokens": 20974,
      "total_tokens": 325528,
      "avg_tokens_per_delegation": 2583.5555555555557
    }
  ]
}