{
  "total_time": 1000,
  "total_delegations": 942,
  "best_provider_idx": 0,
  "providers": [
    {
      "delegations": 930,
      "total_price": 65.28925499999991,
      "total_reward": 1958.8202503028738,
      "total_cost": 0.5256093000000007,
      "avg_reward": 2.106258333659004,
      "profit": 1893.5309953028739,
      "provider_utility": 12.532241699999982,
      "total_prompt_tokens": 2258757,
      "total_completion_tokens": 523465,
      "total_tokens": 2782222,
      "avg_tokens_per_delegation": 2991.636559139785
    },
    {
      "delegations": 6,
      "total_price": 0.031501799999999996,
      "total_reward": 16.28651075198178,
      "total_cost": 0.0029061000000000004,
      "avg_reward": 2.71441845866363,
      "profit": 16.25500895198178,
      "provider_utility": 0.015994979999999995,
      "total_prompt_tokens": 14790,
      "total_completion_tokens": 3462,
      "total_tokens": 18252,
      "avg_tokens_per_delegation": 3042.0
    },
    {
      "delegations": 6,
      "total_price": 0.5982900000000001,
      "total_reward": 14.425234367082194,
      "total_cost": 0.052742199999999996,
      "avg_reward": 2.404205727847032,
      "profit": 13.826944367082193,
      "provider_utility": 0.18657380000000007,
      "total_prompt_tokens": 14349,
      "total_completion_tokens": 2797,
      "total_tokens": 17146,
      "avg_tokens_per_delegation": 2857.6666666666665
    }
  ]
}