{
  "total_time": 1000,
  "total_delegations": 378,
  "best_provider_idx": 1,
  "providers": [
    {
      "delegations": 126,
      "total_price": 1.9501409999999995,
      "total_reward": 224.80754741714858,
      "total_cost": 0.7462637499999996,
      "avg_reward": 1.7841868842630837,
      "user_utility": 222.85740641714858,
      "provider_utility": 0.22880675000000017,
      "total_prompt_tokens": 328182,
      "total_completion_tokens": 64373,
      "total_tokens": 392555,
      "avg_tokens_per_delegation": 3115.5158730158732
    },
    {
      "delegations": 126,
      "total_price": 1.8666659999999995,
      "total_reward": 225.59937626176992,
      "total_cost": 0.6706267500000002,
      "avg_reward": 1.7904712401727767,
      "user_utility": 223.7327102617699,
      "provider_utility": 0.2627062499999996,
      "total_prompt_tokens": 333582,
      "total_completion_tokens": 57728,
      "total_tokens": 391310,
      "avg_tokens_per_delegation": 3105.6349206349205
    },
    {
      "delegations": 126,
      "total_price": 1.2282720000000003,
      "total_reward": 129.2805977124255,
      "total_cost": 0.09186899999999998,
      "avg_reward": 1.0260364897811547,
      "user_utility": 128.0523257124255,
      "provider_utility": 0.5222670000000001,
      "total_prompt_tokens": 304554,
      "total_completion_tokens": 20974,
      "total_tokens": 325528,
      "avg_tokens_per_delegation": 2583.5555555555557
    }
  ]
}