{
  "total_time": 1000,
  "total_delegations": 378,
  "best_provider_idx": 1,
  "providers": [
    {
      "delegations": 126,
      "total_price": 1.9083089999999994,
      "total_reward": 445.9561648927746,
      "total_cost": 0.7139797499999995,
      "avg_reward": 3.539334642006148,
      "user_utility": 444.04785589277463,
      "provider_utility": 0.24017475000000021,
      "total_prompt_tokens": 327333,
      "total_completion_tokens": 61754,
      "total_tokens": 389087,
      "avg_tokens_per_delegation": 3087.9920634920636
    },
    {
      "delegations": 126,
      "total_price": 1.8666659999999995,
      "total_reward": 451.19875252353984,
      "total_cost": 0.6706267500000002,
      "avg_reward": 3.5809424803455534,
      "user_utility": 449.33208652353983,
      "provider_utility": 0.2627062499999996,
      "total_prompt_tokens": 333582,
      "total_completion_tokens": 57728,
      "total_tokens": 391310,
      "avg_tokens_per_delegation": 3105.6349206349205
    },
    {
      "delegations": 126,
      "total_price": 1.2282720000000003,
      "total_reward": 258.561195424851,
      "total_cost": 0.09186899999999998,
      "avg_reward": 2.0520729795623094,
      "user_utility": 257.332923424851,
      "provider_utility": 0.5222670000000001,
      "total_prompt_tokens": 304554,
      "total_completion_tokens": 20974,
      "total_tokens": 325528,
      "avg_tokens_per_delegation": 2583.5555555555557
    }
  ]
}