{
  "total_time": 1000,
  "total_delegations": 908,
  "best_provider_idx": 1,
  "providers": [
    {
      "delegations": 6,
      "total_price": 3.098025,
      "total_reward": 3.3005698005698005,
      "total_cost": 0.45282342,
      "avg_reward": 0.5500949667616334,
      "profit": 0.20254480056980073,
      "provider_utility": 0.16678157999999998,
      "total_prompt_tokens": 14467,
      "total_completion_tokens": 48017,
      "total_tokens": 62484,
      "avg_tokens_per_delegation": 10414.0
    },
    {
      "delegations": 896,
      "total_price": 5.018146099999992,
      "total_reward": 2691.0025475008815,
      "total_cost": 0.4853082300000003,
      "avg_reward": 3.0033510574786644,
      "profit": 2685.9844014008813,
      "provider_utility": 2.5255794299999947,
      "total_prompt_tokens": 2174095,
      "total_completion_tokens": 596964,
      "total_tokens": 2771059,
      "avg_tokens_per_delegation": 3092.699776785714
    },
    {
      "delegations": 6,
      "total_price": 0.51297,
      "total_reward": 9.369930069930069,
      "total_cost": 0.10761240000000001,
      "avg_reward": 1.5616550116550114,
      "profit": 8.85696006993007,
      "provider_utility": 0.09757560000000003,
      "total_prompt_tokens": 14499,
      "total_completion_tokens": 1300,
      "total_tokens": 15799,
      "avg_tokens_per_delegation": 2633.1666666666665
    }
  ]
}