{
  "total_time": 1000,
  "total_delegations": 378,
  "best_provider_idx": 0,
  "providers": [
    {
      "delegations": 126,
      "total_price": 1.9063499999999993,
      "total_reward": 233.18614965691103,
      "total_cost": 0.6904687500000001,
      "avg_reward": 1.8506837274358017,
      "user_utility": 231.27979965691102,
      "provider_utility": 0.2627062499999996,
      "total_prompt_tokens": 333060,
      "total_completion_tokens": 60478,
      "total_tokens": 393538,
      "avg_tokens_per_delegation": 3123.3174603174602
    },
    {
      "delegations": 126,
      "total_price": 1.8750540000000002,
      "total_reward": 230.43639278597053,
      "total_cost": 0.67120775,
      "avg_reward": 1.8288602602061153,
      "user_utility": 228.56133878597052,
      "provider_utility": 0.2663192500000001,
      "total_prompt_tokens": 324123,
      "total_completion_tokens": 60179,
      "total_tokens": 384302,
      "avg_tokens_per_delegation": 3050.0158730158732
    },
    {
      "delegations": 126,
      "total_price": 1.8428429999999996,
      "total_reward": 233.5553678447256,
      "total_cost": 0.6611062500000002,
      "avg_reward": 1.853614030513695,
      "user_utility": 231.7125248447256,
      "provider_utility": 0.26031524999999955,
      "total_prompt_tokens": 334416,
      "total_completion_tokens": 55973,
      "total_tokens": 390389,
      "avg_tokens_per_delegation": 3098.3253968253966
    }
  ]
}