{
  "total_time": 1000,
  "total_delegations": 378,
  "best_provider_idx": 0,
  "providers": [
    {
      "delegations": 126,
      "total_price": 1.9063499999999993,
      "total_reward": 139.9116897941466,
      "total_cost": 0.6904687500000001,
      "avg_reward": 1.110410236461481,
      "user_utility": 138.0053397941466,
      "provider_utility": 0.2627062499999996,
      "total_prompt_tokens": 333060,
      "total_completion_tokens": 60478,
      "total_tokens": 393538,
      "avg_tokens_per_delegation": 3123.3174603174602
    },
    {
      "delegations": 126,
      "total_price": 1.8750540000000002,
      "total_reward": 138.26183567158233,
      "total_cost": 0.67120775,
      "avg_reward": 1.0973161561236695,
      "user_utility": 136.38678167158233,
      "provider_utility": 0.2663192500000001,
      "total_prompt_tokens": 324123,
      "total_completion_tokens": 60179,
      "total_tokens": 384302,
      "avg_tokens_per_delegation": 3050.0158730158732
    },
    {
      "delegations": 126,
      "total_price": 1.8428429999999996,
      "total_reward": 140.13322070683532,
      "total_cost": 0.6611062500000002,
      "avg_reward": 1.112168418308217,
      "user_utility": 138.29037770683533,
      "provider_utility": 0.26031524999999955,
      "total_prompt_tokens": 334416,
      "total_completion_tokens": 55973,
      "total_tokens": 390389,
      "avg_tokens_per_delegation": 3098.3253968253966
    }
  ]
}