{
  "total_time": 1000,
  "total_delegations": 378,
  "best_provider_idx": 0,
  "providers": [
    {
      "delegations": 126,
      "total_price": 1.9063499999999993,
      "total_reward": 466.37229931382205,
      "total_cost": 0.6904687500000001,
      "avg_reward": 3.7013674548716033,
      "user_utility": 464.4659493138221,
      "provider_utility": 0.2627062499999996,
      "total_prompt_tokens": 333060,
      "total_completion_tokens": 60478,
      "total_tokens": 393538,
      "avg_tokens_per_delegation": 3123.3174603174602
    },
    {
      "delegations": 126,
      "total_price": 1.9823820000000008,
      "total_reward": 412.6530918755728,
      "total_cost": 0.7714524999999998,
      "avg_reward": 3.275024538695023,
      "user_utility": 410.6707098755728,
      "provider_utility": 0.21973850000000061,
      "total_prompt_tokens": 333369,
      "total_completion_tokens": 65485,
      "total_tokens": 398854,
      "avg_tokens_per_delegation": 3165.5079365079364
    },
    {
      "delegations": 126,
      "total_price": 1.8428429999999996,
      "total_reward": 467.1107356894512,
      "total_cost": 0.6611062500000002,
      "avg_reward": 3.70722806102739,
      "user_utility": 465.2678926894512,
      "provider_utility": 0.26031524999999955,
      "total_prompt_tokens": 334416,
      "total_completion_tokens": 55973,
      "total_tokens": 390389,
      "avg_tokens_per_delegation": 3098.3253968253966
    }
  ]
}