{
  "total_time": 1000,
  "total_delegations": 378,
  "best_provider_idx": 1,
  "providers": [
    {
      "delegations": 126,
      "total_price": 1.8968310000000002,
      "total_reward": 202.81944053750908,
      "total_cost": 0.6812635000000001,
      "avg_reward": 1.6096780995040405,
      "user_utility": 200.9226095375091,
      "provider_utility": 0.26715199999999995,
      "total_prompt_tokens": 326247,
      "total_completion_tokens": 61206,
      "total_tokens": 387453,
      "avg_tokens_per_delegation": 3075.0238095238096
    },
    {
      "delegations": 126,
      "total_price": 1.8666659999999995,
      "total_reward": 225.59937626176992,
      "total_cost": 0.6706267500000002,
      "avg_reward": 1.7904712401727767,
      "user_utility": 223.7327102617699,
      "provider_utility": 0.2627062499999996,
      "total_prompt_tokens": 333582,
      "total_completion_tokens": 57728,
      "total_tokens": 391310,
      "avg_tokens_per_delegation": 3105.6349206349205
    },
    {
      "delegations": 126,
      "total_price": 1.8303779999999996,
      "total_reward": 214.3684398097031,
      "total_cost": 0.6277984999999997,
      "avg_reward": 1.7013368238865325,
      "user_utility": 212.5380618097031,
      "provider_utility": 0.2873905000000001,
      "total_prompt_tokens": 321156,
      "total_completion_tokens": 57794,
      "total_tokens": 378950,
      "avg_tokens_per_delegation": 3007.5396825396824
    }
  ]
}