{
  "total_time": 1000,
  "total_delegations": 378,
  "best_provider_idx": 1,
  "providers": [
    {
      "delegations": 126,
      "total_price": 1.8968310000000002,
      "total_reward": 121.69166432250549,
      "total_cost": 0.6812635000000001,
      "avg_reward": 0.9658068597024244,
      "user_utility": 119.79483332250548,
      "provider_utility": 0.26715199999999995,
      "total_prompt_tokens": 326247,
      "total_completion_tokens": 61206,
      "total_tokens": 387453,
      "avg_tokens_per_delegation": 3075.0238095238096
    },
    {
      "delegations": 126,
      "total_price": 1.8666659999999995,
      "total_reward": 135.3596257570619,
      "total_cost": 0.6706267500000002,
      "avg_reward": 1.0742827441036662,
      "user_utility": 133.4929597570619,
      "provider_utility": 0.2627062499999996,
      "total_prompt_tokens": 333582,
      "total_completion_tokens": 57728,
      "total_tokens": 391310,
      "avg_tokens_per_delegation": 3105.6349206349205
    },
    {
      "delegations": 126,
      "total_price": 1.8303779999999996,
      "total_reward": 128.6210638858219,
      "total_cost": 0.6277984999999997,
      "avg_reward": 1.0208020943319196,
      "user_utility": 126.79068588582192,
      "provider_utility": 0.2873905000000001,
      "total_prompt_tokens": 321156,
      "total_completion_tokens": 57794,
      "total_tokens": 378950,
      "avg_tokens_per_delegation": 3007.5396825396824
    }
  ]
}