{
  "total_time": 1000,
  "total_delegations": 378,
  "best_provider_idx": 0,
  "providers": [
    {
      "delegations": 126,
      "total_price": 2.5221090000000004,
      "total_reward": 367.3137958556901,
      "total_cost": 1.2610545000000002,
      "avg_reward": 2.9151888559975414,
      "user_utility": 364.7916868556901,
      "provider_utility": 0.0,
      "total_prompt_tokens": 359298,
      "total_completion_tokens": 96281,
      "total_tokens": 455579,
      "avg_tokens_per_delegation": 3615.7063492063494
    },
    {
      "delegations": 126,
      "total_price": 1.9168049999999999,
      "total_reward": 199.70441323398458,
      "total_cost": 0.6895265,
      "avg_reward": 1.5849556605871795,
      "user_utility": 197.78760823398457,
      "provider_utility": 0.2688759999999999,
      "total_prompt_tokens": 323145,
      "total_completion_tokens": 63158,
      "total_tokens": 386303,
      "avg_tokens_per_delegation": 3065.8968253968255
    },
    {
      "delegations": 126,
      "total_price": 1.8428429999999996,
      "total_reward": 233.5553678447256,
      "total_cost": 0.6611062500000002,
      "avg_reward": 1.853614030513695,
      "user_utility": 231.7125248447256,
      "provider_utility": 0.26031524999999955,
      "total_prompt_tokens": 334416,
      "total_completion_tokens": 55973,
      "total_tokens": 390389,
      "avg_tokens_per_delegation": 3098.3253968253966
    }
  ]
}