{
  "total_time": 1000,
  "total_delegations": 478,
  "best_provider_idx": 0,
  "providers": [
    {
      "delegations": 226,
      "total_price": 4.502517000000001,
      "total_reward": 1254.027374101497,
      "total_cost": 2.2512585000000005,
      "avg_reward": 5.548793690714589,
      "user_utility": 1249.524857101497,
      "provider_utility": 0.0,
      "total_prompt_tokens": 644184,
      "total_completion_tokens": 171331,
      "total_tokens": 815515,
      "avg_tokens_per_delegation": 3608.473451327434
    },
    {
      "delegations": 126,
      "total_price": 1.9190580000000002,
      "total_reward": 429.191551183445,
      "total_cost": 0.6897460000000002,
      "avg_reward": 3.406282152249564,
      "user_utility": 427.27249318344496,
      "provider_utility": 0.2697829999999999,
      "total_prompt_tokens": 325701,
      "total_completion_tokens": 62797,
      "total_tokens": 388498,
      "avg_tokens_per_delegation": 3083.3174603174602
    },
    {
      "delegations": 126,
      "total_price": 1.831503,
      "total_reward": 475.82999774131804,
      "total_cost": 0.66056025,
      "avg_reward": 3.776428553502522,
      "user_utility": 473.99849474131804,
      "provider_utility": 0.2551912500000001,
      "total_prompt_tokens": 334626,
      "total_completion_tokens": 55175,
      "total_tokens": 389801,
      "avg_tokens_per_delegation": 3093.65873015873
    }
  ]
}