{
  "total_time": 1000,
  "total_delegations": 378,
  "best_provider_idx": 1,
  "providers": [
    {
      "delegations": 126,
      "total_price": 1.8660479999999997,
      "total_reward": 410.1508367073105,
      "total_cost": 0.6588397499999996,
      "avg_reward": 3.255165370692941,
      "user_utility": 408.2847887073105,
      "provider_utility": 0.27418425000000024,
      "total_prompt_tokens": 322866,
      "total_completion_tokens": 59830,
      "total_tokens": 382696,
      "avg_tokens_per_delegation": 3037.2698412698414
    },
    {
      "delegations": 126,
      "total_price": 1.8989399999999996,
      "total_reward": 437.97133509641804,
      "total_cost": 0.6747047500000003,
      "avg_reward": 3.475962976955697,
      "user_utility": 436.07239509641806,
      "provider_utility": 0.2747652499999995,
      "total_prompt_tokens": 324480,
      "total_completion_tokens": 61700,
      "total_tokens": 386180,
      "avg_tokens_per_delegation": 3064.9206349206347
    },
    {
      "delegations": 126,
      "total_price": 1.2282720000000003,
      "total_reward": 258.561195424851,
      "total_cost": 0.09186899999999998,
      "avg_reward": 2.0520729795623094,
      "user_utility": 257.332923424851,
      "provider_utility": 0.5222670000000001,
      "total_prompt_tokens": 304554,
      "total_completion_tokens": 20974,
      "total_tokens": 325528,
      "avg_tokens_per_delegation": 2583.5555555555557
    }
  ]
}