{
  "total_time": 1000,
  "total_delegations": 378,
  "best_provider_idx": 0,
  "providers": [
    {
      "delegations": 126,
      "total_price": 1.8927329999999996,
      "total_reward": 142.6775846061476,
      "total_cost": 0.6965322499999999,
      "avg_reward": 1.1323617825884735,
      "user_utility": 140.7848516061476,
      "provider_utility": 0.24983424999999992,
      "total_prompt_tokens": 323106,
      "total_completion_tokens": 61561,
      "total_tokens": 384667,
      "avg_tokens_per_delegation": 3052.9126984126983
    },
    {
      "delegations": 126,
      "total_price": 1.9589849999999995,
      "total_reward": 131.66487227935917,
      "total_cost": 0.7321932499999998,
      "avg_reward": 1.0449593038044376,
      "user_utility": 129.70588727935916,
      "provider_utility": 0.24729924999999997,
      "total_prompt_tokens": 326610,
      "total_completion_tokens": 65277,
      "total_tokens": 391887,
      "avg_tokens_per_delegation": 3110.214285714286
    },
    {
      "delegations": 126,
      "total_price": 1.2282720000000003,
      "total_reward": 77.56835862745534,
      "total_cost": 0.09186899999999998,
      "avg_reward": 0.615621893868693,
      "user_utility": 76.34008662745534,
      "provider_utility": 0.5222670000000001,
      "total_prompt_tokens": 304554,
      "total_completion_tokens": 20974,
      "total_tokens": 325528,
      "avg_tokens_per_delegation": 2583.5555555555557
    }
  ]
}