{
  "total_time": 1000,
  "total_delegations": 378,
  "best_provider_idx": 0,
  "providers": [
    {
      "delegations": 126,
      "total_price": 1.8927329999999996,
      "total_reward": 237.7959743435796,
      "total_cost": 0.6965322499999999,
      "avg_reward": 1.887269637647456,
      "user_utility": 235.9032413435796,
      "provider_utility": 0.24983424999999992,
      "total_prompt_tokens": 323106,
      "total_completion_tokens": 61561,
      "total_tokens": 384667,
      "avg_tokens_per_delegation": 3052.9126984126983
    },
    {
      "delegations": 126,
      "total_price": 1.9589849999999995,
      "total_reward": 219.4414537989318,
      "total_cost": 0.7321932499999998,
      "avg_reward": 1.7415988396740627,
      "user_utility": 217.4824687989318,
      "provider_utility": 0.24729924999999997,
      "total_prompt_tokens": 326610,
      "total_completion_tokens": 65277,
      "total_tokens": 391887,
      "avg_tokens_per_delegation": 3110.214285714286
    },
    {
      "delegations": 126,
      "total_price": 1.2282720000000003,
      "total_reward": 129.2805977124255,
      "total_cost": 0.09186899999999998,
      "avg_reward": 1.0260364897811547,
      "user_utility": 128.0523257124255,
      "provider_utility": 0.5222670000000001,
      "total_prompt_tokens": 304554,
      "total_completion_tokens": 20974,
      "total_tokens": 325528,
      "avg_tokens_per_delegation": 2583.5555555555557
    }
  ]
}