{
  "total_time": 1000,
  "total_delegations": 960,
  "best_provider_idx": 1,
  "providers": [
    {
      "delegations": 6,
      "total_price": 0.44648999999999994,
      "total_reward": 13.498362662905512,
      "total_cost": 0.00089298,
      "avg_reward": 2.249727110484252,
      "profit": 13.051872662905511,
      "provider_utility": 0.08840501999999999,
      "total_prompt_tokens": 14394,
      "total_completion_tokens": 3843,
      "total_tokens": 18237,
      "avg_tokens_per_delegation": 3039.5
    },
    {
      "delegations": 948,
      "total_price": 37.94257940000002,
      "total_reward": 4955.253441194719,
      "total_cost": 22.765547640000012,
      "avg_reward": 5.227060591977553,
      "profit": 4917.310861794719,
      "provider_utility": 0.0,
      "total_prompt_tokens": 2302794,
      "total_completion_tokens": 8047615,
      "total_tokens": 10350409,
      "avg_tokens_per_delegation": 10918.152953586497
    },
    {
      "delegations": 6,
      "total_price": 0.53301,
      "total_reward": 15.892756156886591,
      "total_cost": 0.21320400000000003,
      "avg_reward": 2.648792692814432,
      "profit": 15.35974615688659,
      "provider_utility": -2.7755575615628914e-17,
      "total_prompt_tokens": 14349,
      "total_completion_tokens": 1709,
      "total_tokens": 16058,
      "avg_tokens_per_delegation": 2676.3333333333335
    }
  ]
}