{
  "total_time": 1000000,
  "total_delegations": 954108,
  "best_provider_idx": 1,
  "R": 914161,
  "delta1": 11.195840192374956,
  "delta2": 0.0,
  "delta3": null,
  "M": 0.23637291771156435,
  "providers": [
    {
      "delegations": 7962,
      "delta": -0.9527715471473357,
      "total_output_tokens": 85988997.0,
      "total_reported_output_tokens": 303017796.0,
      "total_reported_price": 3030.177960000001,
      "total_costs": 169.484313087,
      "total_rewards": 4311.219430780351,
      "total_user_utility": 1281.0414707803507,
      "total_provider_utility": 2557.6758509130004
    },
    {
      "delegations": 928952,
      "delta": 1.7154861405862698,
      "total_output_tokens": 10050383478.0,
      "total_reported_output_tokens": 10344696457.0,
      "total_reported_price": 45516.664410799975,
      "total_costs": 19874.721556898992,
      "total_rewards": 501042.9318943348,
      "total_user_utility": 455526.26748353476,
      "total_provider_utility": 21090.276412820993
    },
    {
      "delegations": 17194,
      "delta": 2.318978418504606,
      "total_output_tokens": 66487944.0,
      "total_reported_output_tokens": 66487944.0,
      "total_reported_price": 292.5469536,
      "total_costs": 263.29225824,
      "total_rewards": 10147.103224952994,
      "total_user_utility": 9854.556271352993,
      "total_provider_utility": 0.0
    }
  ]
}