{
  "total_time": 1000,
  "total_delegations": 948,
  "best_provider_idx": 1,
  "providers": [
    {
      "delegations": 6,
      "total_price": 0.44648999999999994,
      "total_reward": 13.498362662905512,
      "total_cost": 0.00089298,
      "avg_reward": 2.249727110484252,
      "profit": 13.051872662905511,
      "provider_utility": 0.08840501999999999,
      "total_prompt_tokens": 14394,
      "total_completion_tokens": 3843,
      "total_tokens": 18237,
      "avg_tokens_per_delegation": 3039.5
    },
    {
      "delegations": 936,
      "total_price": 31.433696800000035,
      "total_reward": 3779.849289757136,
      "total_cost": 13.121904209999979,
      "avg_reward": 4.038300523244804,
      "profit": 3748.4155929571357,
      "provider_utility": 5.738313870000042,
      "total_prompt_tokens": 2271888,
      "total_completion_tokens": 6576050,
      "total_tokens": 8847938,
      "avg_tokens_per_delegation": 9452.925213675213
    },
    {
      "delegations": 6,
      "total_price": 0.6098100000000001,
      "total_reward": 17.23849194283977,
      "total_cost": 0.12245199999999998,
      "avg_reward": 2.873081990473295,
      "profit": 16.62868194283977,
      "provider_utility": 0.12147200000000005,
      "total_prompt_tokens": 14349,
      "total_completion_tokens": 2989,
      "total_tokens": 17338,
      "avg_tokens_per_delegation": 2889.6666666666665
    }
  ]
}