{
  "total_time": 1000,
  "total_delegations": 945,
  "best_provider_idx": 0,
  "providers": [
    {
      "delegations": 933,
      "total_price": 319.2781650000001,
      "total_reward": 3244.6034509624556,
      "total_cost": 45.89807764999994,
      "avg_reward": 3.477602841331679,
      "profit": 2925.3252859624554,
      "provider_utility": 17.957555350000085,
      "total_prompt_tokens": 2314003,
      "total_completion_tokens": 4742802,
      "total_tokens": 7056805,
      "avg_tokens_per_delegation": 7563.563772775991
    },
    {
      "delegations": 6,
      "total_price": 0.0325809,
      "total_reward": 9.78283355063016,
      "total_cost": 0.00308457,
      "avg_reward": 1.63047225843836,
      "profit": 9.750252650630161,
      "provider_utility": 0.01646397,
      "total_prompt_tokens": 14655,
      "total_completion_tokens": 3741,
      "total_tokens": 18396,
      "avg_tokens_per_delegation": 3066.0
    },
    {
      "delegations": 6,
      "total_price": 0.5057699999999999,
      "total_reward": 9.597574553880412,
      "total_cost": 0.0036138,
      "avg_reward": 1.5995957589800687,
      "profit": 9.091804553880412,
      "provider_utility": 0.1986942,
      "total_prompt_tokens": 14439,
      "total_completion_tokens": 1210,
      "total_tokens": 15649,
      "avg_tokens_per_delegation": 2608.1666666666665
    }
  ]
}