{
  "total_time": 1000,
  "total_delegations": 378,
  "best_provider_idx": 1,
  "providers": [
    {
      "delegations": 126,
      "total_price": 1.2568920000000006,
      "total_reward": 128.6591494817339,
      "total_cost": 0.09350549999999996,
      "avg_reward": 1.021104360966142,
      "user_utility": 127.4022574817339,
      "provider_utility": 0.5349405000000003,
      "total_prompt_tokens": 306609,
      "total_completion_tokens": 22471,
      "total_tokens": 329080,
      "avg_tokens_per_delegation": 2611.746031746032
    },
    {
      "delegations": 126,
      "total_price": 2.026803,
      "total_reward": 253.27903823708832,
      "total_cost": 0.7992302499999999,
      "avg_reward": 2.0101510971197487,
      "user_utility": 251.2522352370883,
      "provider_utility": 0.21417125000000015,
      "total_prompt_tokens": 331446,
      "total_completion_tokens": 68831,
      "total_tokens": 400277,
      "avg_tokens_per_delegation": 3176.8015873015875
    },
    {
      "delegations": 126,
      "total_price": 1.2282720000000003,
      "total_reward": 129.2805977124255,
      "total_cost": 0.09186899999999998,
      "avg_reward": 1.0260364897811547,
      "user_utility": 128.0523257124255,
      "provider_utility": 0.5222670000000001,
      "total_prompt_tokens": 304554,
      "total_completion_tokens": 20974,
      "total_tokens": 325528,
      "avg_tokens_per_delegation": 2583.5555555555557
    }
  ]
}