{
  "total_time": 1000,
  "total_delegations": 945,
  "best_provider_idx": 1,
  "providers": [
    {
      "delegations": 6,
      "total_price": 2.89494,
      "total_reward": 16.48577449947313,
      "total_cost": 0.33870703999999996,
      "avg_reward": 2.747629083245522,
      "profit": 13.59083449947313,
      "provider_utility": 0.2402809600000001,
      "total_prompt_tokens": 14948,
      "total_completion_tokens": 44512,
      "total_tokens": 59460,
      "avg_tokens_per_delegation": 9910.0
    },
    {
      "delegations": 933,
      "total_price": 5.298441499999992,
      "total_reward": 2781.845637012159,
      "total_cost": 0.5705275800000004,
      "avg_reward": 2.9816137588554774,
      "profit": 2776.547195512159,
      "provider_utility": 2.608537319999995,
      "total_prompt_tokens": 2262789,
      "total_completion_tokens": 638494,
      "total_tokens": 2901283,
      "avg_tokens_per_delegation": 3109.6280814576635
    },
    {
      "delegations": 6,
      "total_price": 0.5057699999999999,
      "total_reward": 9.597574553880412,
      "total_cost": 0.0036138,
      "avg_reward": 1.5995957589800687,
      "profit": 9.091804553880412,
      "provider_utility": 0.1986942,
      "total_prompt_tokens": 14439,
      "total_completion_tokens": 1210,
      "total_tokens": 15649,
      "avg_tokens_per_delegation": 2608.1666666666665
    }
  ]
}