{
  "total_time": 1000,
  "total_delegations": 957,
  "best_provider_idx": 1,
  "providers": [
    {
      "delegations": 6,
      "total_price": 2.475015,
      "total_reward": 19.449805838504467,
      "total_cost": 0.35191192,
      "avg_reward": 3.2416343064174113,
      "profit": 16.974790838504468,
      "provider_utility": 0.14309108000000004,
      "total_prompt_tokens": 14433,
      "total_completion_tokens": 37642,
      "total_tokens": 52075,
      "avg_tokens_per_delegation": 8679.166666666666
    },
    {
      "delegations": 945,
      "total_price": 23.83465260000003,
      "total_reward": 3991.0766285337622,
      "total_cost": 13.148361749999998,
      "avg_reward": 4.22336151167594,
      "profit": 3967.241975933762,
      "provider_utility": 1.1524298100000205,
      "total_prompt_tokens": 2293878,
      "total_completion_tokens": 4843497,
      "total_tokens": 7137375,
      "avg_tokens_per_delegation": 7552.777777777777
    },
    {
      "delegations": 6,
      "total_price": 0.51621,
      "total_reward": 9.688284282748036,
      "total_cost": 0.1076508,
      "avg_reward": 1.6147140471246726,
      "profit": 9.172074282748037,
      "provider_utility": 0.0988332,
      "total_prompt_tokens": 14439,
      "total_completion_tokens": 1384,
      "total_tokens": 15823,
      "avg_tokens_per_delegation": 2637.1666666666665
    }
  ]
}