{
  "total_time": 1000000,
  "total_delegations": 952261,
  "best_provider_idx": 0,
  "R": 903749,
  "delta1": 11.195840192374956,
  "delta2": 0.0,
  "delta3": null,
  "M": 0.23637291771156435,
  "providers": [
    {
      "delegations": 920486,
      "delta": 2.204210356260578,
      "total_output_tokens": 6161167143.0,
      "total_reported_output_tokens": 6508769535.0,
      "total_reported_price": 65087.69534999999,
      "total_costs": 54481.44799677603,
      "total_rewards": 906631.7757574886,
      "total_user_utility": 841544.0804074887,
      "total_provider_utility": 4097.477818224001
    },
    {
      "delegations": 14639,
      "delta": 1.677175326819577,
      "total_output_tokens": 122456944.0,
      "total_reported_output_tokens": 122456944.0,
      "total_reported_price": 538.8105536,
      "total_costs": 484.92949824000004,
      "total_rewards": 11368.21122498448,
      "total_user_utility": 10829.40067138448,
      "total_provider_utility": 0.0
    },
    {
      "delegations": 17136,
      "delta": 2.3044668147687126,
      "total_output_tokens": 66141376.0,
      "total_reported_output_tokens": 66141376.0,
      "total_reported_price": 291.02205440000006,
      "total_costs": 261.91984896,
      "total_rewards": 10172.161267357142,
      "total_user_utility": 9881.13921295714,
      "total_provider_utility": 0.0
    }
  ]
}