{
  "total_time": 1000,
  "total_delegations": 954,
  "best_provider_idx": 1,
  "providers": [
    {
      "delegations": 6,
      "total_price": 4.377555,
      "total_reward": 18.307692307692307,
      "total_cost": 0.875511,
      "avg_reward": 3.051282051282051,
      "profit": 13.930137307692306,
      "provider_utility": 0.0,
      "total_prompt_tokens": 14253,
      "total_completion_tokens": 69396,
      "total_tokens": 83649,
      "avg_tokens_per_delegation": 13941.5
    },
    {
      "delegations": 942,
      "total_price": 24.169902900000036,
      "total_reward": 4005.9165350451126,
      "total_cost": 13.389201689999997,
      "avg_reward": 4.252565323827085,
      "profit": 3981.7466321451125,
      "provider_utility": 1.1127400500000242,
      "total_prompt_tokens": 2286243,
      "total_completion_tokens": 4921599,
      "total_tokens": 7207842,
      "avg_tokens_per_delegation": 7651.636942675159
    },
    {
      "delegations": 6,
      "total_price": 0.51621,
      "total_reward": 9.688284282748036,
      "total_cost": 0.1076508,
      "avg_reward": 1.6147140471246726,
      "profit": 9.172074282748037,
      "provider_utility": 0.0988332,
      "total_prompt_tokens": 14439,
      "total_completion_tokens": 1384,
      "total_tokens": 15823,
      "avg_tokens_per_delegation": 2637.1666666666665
    }
  ]
}