{
  "total_time": 1000,
  "total_delegations": 934,
  "best_provider_idx": 1,
  "providers": [
    {
      "delegations": 6,
      "total_price": 1.030155,
      "total_reward": 15.837875464285617,
      "total_cost": 0.012601130000000002,
      "avg_reward": 2.6396459107142696,
      "profit": 14.807720464285616,
      "provider_utility": 0.19342987,
      "total_prompt_tokens": 14637,
      "total_completion_tokens": 13510,
      "total_tokens": 28147,
      "avg_tokens_per_delegation": 4691.166666666667
    },
    {
      "delegations": 922,
      "total_price": 30.372567500000002,
      "total_reward": 3424.1491263694356,
      "total_cost": 12.029241329999996,
      "avg_reward": 3.7138276858670674,
      "profit": 3393.7765588694356,
      "provider_utility": 6.194299170000006,
      "total_prompt_tokens": 2238041,
      "total_completion_tokens": 6343346,
      "total_tokens": 8581387,
      "avg_tokens_per_delegation": 9307.361171366594
    },
    {
      "delegations": 6,
      "total_price": 0.51594,
      "total_reward": 12.148484848484848,
      "total_cost": 0.10767060000000002,
      "avg_reward": 2.0247474747474747,
      "profit": 11.632544848484848,
      "provider_utility": 0.09870539999999998,
      "total_prompt_tokens": 14214,
      "total_completion_tokens": 1492,
      "total_tokens": 15706,
      "avg_tokens_per_delegation": 2617.6666666666665
    }
  ]
}