{
  "total_time": 1000,
  "total_delegations": 872,
  "best_provider_idx": 1,
  "providers": [
    {
      "delegations": 6,
      "total_price": 3.1950899999999995,
      "total_reward": 5.526315789473684,
      "total_cost": 0.43277535999999994,
      "avg_reward": 0.9210526315789473,
      "profit": 2.3312257894736845,
      "provider_utility": 0.20624264000000003,
      "total_prompt_tokens": 14738,
      "total_completion_tokens": 49567,
      "total_tokens": 64305,
      "avg_tokens_per_delegation": 10717.5
    },
    {
      "delegations": 860,
      "total_price": 32.048101800000005,
      "total_reward": 4340.623767765587,
      "total_cost": 19.03933233,
      "avg_reward": 5.047236939262305,
      "profit": 4308.575665965587,
      "provider_utility": 0.1895287500000009,
      "total_prompt_tokens": 2089042,
      "total_completion_tokens": 6761399,
      "total_tokens": 8850441,
      "avg_tokens_per_delegation": 10291.210465116279
    },
    {
      "delegations": 6,
      "total_price": 0.5194799999999999,
      "total_reward": 15.519157857646228,
      "total_cost": 0.207792,
      "avg_reward": 2.5865263096077045,
      "profit": 14.999677857646228,
      "provider_utility": -2.7755575615628914e-17,
      "total_prompt_tokens": 14334,
      "total_completion_tokens": 1491,
      "total_tokens": 15825,
      "avg_tokens_per_delegation": 2637.5
    }
  ]
}