{
  "total_time": 1000,
  "total_delegations": 378,
  "best_provider_idx": 0,
  "providers": [
    {
      "delegations": 126,
      "total_price": 2.5221090000000004,
      "total_reward": 734.6275917113802,
      "total_cost": 1.2610545000000002,
      "avg_reward": 5.830377711995083,
      "user_utility": 732.1054827113802,
      "provider_utility": 0.0,
      "total_prompt_tokens": 359298,
      "total_completion_tokens": 96281,
      "total_tokens": 455579,
      "avg_tokens_per_delegation": 3615.7063492063494
    },
    {
      "delegations": 126,
      "total_price": 1.951082999999999,
      "total_reward": 431.4135962029937,
      "total_cost": 0.7020629999999998,
      "avg_reward": 3.423917430182489,
      "user_utility": 429.4625132029937,
      "provider_utility": 0.27347849999999974,
      "total_prompt_tokens": 323826,
      "total_completion_tokens": 65307,
      "total_tokens": 389133,
      "avg_tokens_per_delegation": 3088.3571428571427
    },
    {
      "delegations": 126,
      "total_price": 1.2282720000000003,
      "total_reward": 258.561195424851,
      "total_cost": 0.09186899999999998,
      "avg_reward": 2.0520729795623094,
      "user_utility": 257.332923424851,
      "provider_utility": 0.5222670000000001,
      "total_prompt_tokens": 304554,
      "total_completion_tokens": 20974,
      "total_tokens": 325528,
      "avg_tokens_per_delegation": 2583.5555555555557
    }
  ]
}