{
  "total_time": 1000,
  "total_delegations": 378,
  "best_provider_idx": 0,
  "providers": [
    {
      "delegations": 126,
      "total_price": 2.5221090000000004,
      "total_reward": 367.3137958556901,
      "total_cost": 1.2610545000000002,
      "avg_reward": 2.9151888559975414,
      "user_utility": 364.7916868556901,
      "provider_utility": 0.0,
      "total_prompt_tokens": 359298,
      "total_completion_tokens": 96281,
      "total_tokens": 455579,
      "avg_tokens_per_delegation": 3615.7063492063494
    },
    {
      "delegations": 126,
      "total_price": 1.951082999999999,
      "total_reward": 215.70679810149684,
      "total_cost": 0.7020629999999998,
      "avg_reward": 1.7119587150912445,
      "user_utility": 213.75571510149683,
      "provider_utility": 0.27347849999999974,
      "total_prompt_tokens": 323826,
      "total_completion_tokens": 65307,
      "total_tokens": 389133,
      "avg_tokens_per_delegation": 3088.3571428571427
    },
    {
      "delegations": 126,
      "total_price": 1.2282720000000003,
      "total_reward": 129.2805977124255,
      "total_cost": 0.09186899999999998,
      "avg_reward": 1.0260364897811547,
      "user_utility": 128.0523257124255,
      "provider_utility": 0.5222670000000001,
      "total_prompt_tokens": 304554,
      "total_completion_tokens": 20974,
      "total_tokens": 325528,
      "avg_tokens_per_delegation": 2583.5555555555557
    }
  ]
}