{
  "total_time": 1000000,
  "total_delegations": 952286,
  "best_provider_idx": 0,
  "R": 903677,
  "delta1": 11.195840192374956,
  "delta2": 0.0,
  "delta3": null,
  "M": 0.23637291771156435,
  "providers": [
    {
      "delegations": 920439,
      "delta": 2.210598774848205,
      "total_output_tokens": 6108615371.0,
      "total_reported_output_tokens": 6108615371.0,
      "total_reported_price": 61086.15370999999,
      "total_costs": 54977.53833900003,
      "total_rewards": 912495.5662714966,
      "total_user_utility": 851409.4125614966,
      "total_provider_utility": 0.0
    },
    {
      "delegations": 14720,
      "delta": 1.6974473241881716,
      "total_output_tokens": 149911194.0,
      "total_reported_output_tokens": 441896491.0,
      "total_reported_price": 1944.3445603999999,
      "total_costs": 361.49311345499996,
      "total_rewards": 8868.009171917889,
      "total_user_utility": 6923.66461151789,
      "total_provider_utility": 1388.4169909050001
    },
    {
      "delegations": 17127,
      "delta": 2.3021946822225514,
      "total_output_tokens": 158058090.0,
      "total_reported_output_tokens": 515802794.0,
      "total_reported_price": 2269.5322936000002,
      "total_costs": 342.346731804,
      "total_rewards": 9379.238710532061,
      "total_user_utility": 7109.706416932061,
      "total_provider_utility": 1700.2323324360004
    }
  ]
}