{
  "total_time": 1000,
  "total_delegations": 383,
  "best_provider_idx": 0,
  "providers": [
    {
      "delegations": 131,
      "total_price": 1.9920689999999992,
      "total_reward": 483.5202203142705,
      "total_cost": 0.735714,
      "avg_reward": 3.6909940482005386,
      "user_utility": 481.5281513142705,
      "provider_utility": 0.2603204999999996,
      "total_prompt_tokens": 346158,
      "total_completion_tokens": 63573,
      "total_tokens": 409731,
      "avg_tokens_per_delegation": 3127.7175572519086
    },
    {
      "delegations": 126,
      "total_price": 1.2323969999999997,
      "total_reward": 262.47958987931327,
      "total_cost": 0.09238725,
      "avg_reward": 2.083171348248518,
      "user_utility": 261.2471928793133,
      "provider_utility": 0.5238112499999998,
      "total_prompt_tokens": 307674,
      "total_completion_tokens": 20625,
      "total_tokens": 328299,
      "avg_tokens_per_delegation": 2605.5476190476193
    },
    {
      "delegations": 126,
      "total_price": 1.8689880000000005,
      "total_reward": 433.0741895819644,
      "total_cost": 0.6840284999999997,
      "avg_reward": 3.4370967427140027,
      "user_utility": 431.2052015819644,
      "provider_utility": 0.25046550000000056,
      "total_prompt_tokens": 324531,
      "total_completion_tokens": 59693,
      "total_tokens": 384224,
      "avg_tokens_per_delegation": 3049.3968253968255
    }
  ]
}