{
  "total_time": 1000,
  "total_delegations": 378,
  "best_provider_idx": 0,
  "providers": [
    {
      "delegations": 126,
      "total_price": 1.9063499999999993,
      "total_reward": 233.18614965691103,
      "total_cost": 0.6904687500000001,
      "avg_reward": 1.8506837274358017,
      "user_utility": 231.27979965691102,
      "provider_utility": 0.2627062499999996,
      "total_prompt_tokens": 333060,
      "total_completion_tokens": 60478,
      "total_tokens": 393538,
      "avg_tokens_per_delegation": 3123.3174603174602
    },
    {
      "delegations": 126,
      "total_price": 1.231977,
      "total_reward": 131.59475578790457,
      "total_cost": 0.09234075,
      "avg_reward": 1.044402823713528,
      "user_utility": 130.36277878790457,
      "provider_utility": 0.5236477500000001,
      "total_prompt_tokens": 307419,
      "total_completion_tokens": 20648,
      "total_tokens": 328067,
      "avg_tokens_per_delegation": 2603.7063492063494
    },
    {
      "delegations": 126,
      "total_price": 1.8392009999999996,
      "total_reward": 224.5679793234146,
      "total_cost": 0.6732239999999999,
      "avg_reward": 1.7822855501858301,
      "user_utility": 222.7287783234146,
      "provider_utility": 0.2463764999999999,
      "total_prompt_tokens": 323667,
      "total_completion_tokens": 57880,
      "total_tokens": 381547,
      "avg_tokens_per_delegation": 3028.1507936507937
    }
  ]
}