{
  "total_time": 1000,
  "total_delegations": 378,
  "best_provider_idx": 1,
  "providers": [
    {
      "delegations": 126,
      "total_price": 1.831701,
      "total_reward": 397.18492484628445,
      "total_cost": 0.6137637499999997,
      "avg_reward": 3.152261308303843,
      "user_utility": 395.35322384628444,
      "provider_utility": 0.3020867500000003,
      "total_prompt_tokens": 319227,
      "total_completion_tokens": 58268,
      "total_tokens": 377495,
      "avg_tokens_per_delegation": 2995.9920634920636
    },
    {
      "delegations": 126,
      "total_price": 2.482425,
      "total_reward": 719.454044921098,
      "total_cost": 1.2412125,
      "avg_reward": 5.709952737469033,
      "user_utility": 716.971619921098,
      "provider_utility": 0.0,
      "total_prompt_tokens": 359820,
      "total_completion_tokens": 93531,
      "total_tokens": 453351,
      "avg_tokens_per_delegation": 3598.0238095238096
    },
    {
      "delegations": 126,
      "total_price": 1.2282720000000003,
      "total_reward": 258.561195424851,
      "total_cost": 0.09186899999999998,
      "avg_reward": 2.0520729795623094,
      "user_utility": 257.332923424851,
      "provider_utility": 0.5222670000000001,
      "total_prompt_tokens": 304554,
      "total_completion_tokens": 20974,
      "total_tokens": 325528,
      "avg_tokens_per_delegation": 2583.5555555555557
    }
  ]
}