{
  "total_time": 1000,
  "total_delegations": 378,
  "best_provider_idx": 1,
  "providers": [
    {
      "delegations": 126,
      "total_price": 1.8146699999999998,
      "total_reward": 396.0086568258837,
      "total_cost": 0.6094732499999997,
      "avg_reward": 3.142925847824473,
      "user_utility": 394.1939868258837,
      "provider_utility": 0.29786175000000015,
      "total_prompt_tokens": 323310,
      "total_completion_tokens": 56316,
      "total_tokens": 379626,
      "avg_tokens_per_delegation": 3012.904761904762
    },
    {
      "delegations": 126,
      "total_price": 2.482425,
      "total_reward": 719.454044921098,
      "total_cost": 1.2412125,
      "avg_reward": 5.709952737469033,
      "user_utility": 716.971619921098,
      "provider_utility": 0.0,
      "total_prompt_tokens": 359820,
      "total_completion_tokens": 93531,
      "total_tokens": 453351,
      "avg_tokens_per_delegation": 3598.0238095238096
    },
    {
      "delegations": 126,
      "total_price": 1.2282720000000003,
      "total_reward": 258.561195424851,
      "total_cost": 0.09186899999999998,
      "avg_reward": 2.0520729795623094,
      "user_utility": 257.332923424851,
      "provider_utility": 0.5222670000000001,
      "total_prompt_tokens": 304554,
      "total_completion_tokens": 20974,
      "total_tokens": 325528,
      "avg_tokens_per_delegation": 2583.5555555555557
    }
  ]
}