{
  "total_time": 1000,
  "total_delegations": 1000,
  "best_provider_idx": 0,
  "providers": [
    {
      "delegations": 441,
      "total_price": 14.618630400000004,
      "total_reward": 24.90292619842604,
      "total_cost": 4.1147368160000015,
      "avg_reward": 0.05646922040459411,
      "profit": 10.284295798426037,
      "provider_utility": 1.7327153440000007,
      "total_prompt_tokens": 1071308,
      "total_completion_tokens": 3054589,
      "total_tokens": 4125897,
      "avg_tokens_per_delegation": 9355.775510204081
    },
    {
      "delegations": 378,
      "total_price": 257.14565999999996,
      "total_reward": 25.03875038925276,
      "total_cost": 154.2873959999998,
      "avg_reward": 0.06624008039484838,
      "profit": -232.1069096107472,
      "provider_utility": 1.7053025658242404e-13,
      "total_prompt_tokens": 917964,
      "total_completion_tokens": 4056270,
      "total_tokens": 4974234,
      "avg_tokens_per_delegation": 13159.349206349207
    },
    {
      "delegations": 181,
      "total_price": 18.91499999999999,
      "total_reward": 5.383566856353982,
      "total_cost": 0.024640679999999995,
      "avg_reward": 0.029743463294773387,
      "profit": -13.531433143646007,
      "provider_utility": 3.7583593199999976,
      "total_prompt_tokens": 439644,
      "total_completion_tokens": 95428,
      "total_tokens": 535072,
      "avg_tokens_per_delegation": 2956.1988950276245
    }
  ]
}