{
  "total_time": 1000,
  "total_delegations": 1000,
  "best_provider_idx": 0,
  "providers": [
    {
      "delegations": 441,
      "total_price": 14.554287000000004,
      "total_reward": 24.316290431384626,
      "total_cost": 3.820867652,
      "avg_reward": 0.055138980570033094,
      "profit": 9.762003431384622,
      "provider_utility": 2.0008471480000023,
      "total_prompt_tokens": 1071274,
      "total_completion_tokens": 3039974,
      "total_tokens": 4111248,
      "avg_tokens_per_delegation": 9322.557823129251
    },
    {
      "delegations": 433,
      "total_price": 295.3067849999999,
      "total_reward": 28.706833439818293,
      "total_cost": 177.18407099999982,
      "avg_reward": 0.0662975368125131,
      "profit": -266.5999515601816,
      "provider_utility": 1.1368683772161603e-13,
      "total_prompt_tokens": 1052999,
      "total_completion_tokens": 4658530,
      "total_tokens": 5711529,
      "avg_tokens_per_delegation": 13190.598152424942
    },
    {
      "delegations": 126,
      "total_price": 10.927620000000006,
      "total_reward": 5.583993440471051,
      "total_cost": 2.185524000000001,
      "avg_reward": 0.044317408257706754,
      "profit": -5.343626559528955,
      "provider_utility": 4.440892098500626e-16,
      "total_prompt_tokens": 304554,
      "total_completion_tokens": 29850,
      "total_tokens": 334404,
      "avg_tokens_per_delegation": 2654.0
    }
  ]
}