{
  "total_time": 1000,
  "total_delegations": 378,
  "best_provider_idx": 1,
  "providers": [
    {
      "delegations": 126,
      "total_price": 1.936869,
      "total_reward": 231.9729989070279,
      "total_cost": 0.7227000000000001,
      "avg_reward": 1.8410555468811736,
      "user_utility": 230.03612990702788,
      "provider_utility": 0.24573449999999986,
      "total_prompt_tokens": 324753,
      "total_completion_tokens": 64174,
      "total_tokens": 388927,
      "avg_tokens_per_delegation": 3086.722222222222
    },
    {
      "delegations": 126,
      "total_price": 2.482425,
      "total_reward": 359.727022460549,
      "total_cost": 1.2412125,
      "avg_reward": 2.8549763687345164,
      "user_utility": 357.244597460549,
      "provider_utility": 0.0,
      "total_prompt_tokens": 359820,
      "total_completion_tokens": 93531,
      "total_tokens": 453351,
      "avg_tokens_per_delegation": 3598.0238095238096
    },
    {
      "delegations": 126,
      "total_price": 2.4657960000000014,
      "total_reward": 328.07575927159496,
      "total_cost": 1.2328980000000007,
      "avg_reward": 2.60377586723488,
      "user_utility": 325.60996327159495,
      "provider_utility": 0.0,
      "total_prompt_tokens": 362502,
      "total_completion_tokens": 91886,
      "total_tokens": 454388,
      "avg_tokens_per_delegation": 3606.253968253968
    }
  ]
}