{
  "total_time": 1000,
  "total_delegations": 378,
  "best_provider_idx": 0,
  "providers": [
    {
      "delegations": 126,
      "total_price": 2.5221090000000004,
      "total_reward": 367.3137958556901,
      "total_cost": 1.2610545000000002,
      "avg_reward": 2.9151888559975414,
      "user_utility": 364.7916868556901,
      "provider_utility": 0.0,
      "total_prompt_tokens": 359298,
      "total_completion_tokens": 96281,
      "total_tokens": 455579,
      "avg_tokens_per_delegation": 3615.7063492063494
    },
    {
      "delegations": 126,
      "total_price": 1.8674309999999998,
      "total_reward": 234.58424600202977,
      "total_cost": 0.6707429999999996,
      "avg_reward": 1.8617797301748389,
      "user_utility": 232.71681500202976,
      "provider_utility": 0.2629725000000003,
      "total_prompt_tokens": 334362,
      "total_completion_tokens": 57623,
      "total_tokens": 391985,
      "avg_tokens_per_delegation": 3110.9920634920636
    },
    {
      "delegations": 126,
      "total_price": 1.83663,
      "total_reward": 208.75661475948692,
      "total_cost": 0.6305365,
      "avg_reward": 1.6567985298371979,
      "user_utility": 206.9199847594869,
      "provider_utility": 0.28777849999999994,
      "total_prompt_tokens": 320700,
      "total_completion_tokens": 58302,
      "total_tokens": 379002,
      "avg_tokens_per_delegation": 3007.9523809523807
    }
  ]
}