{
  "total_time": 1000,
  "total_delegations": 378,
  "best_provider_idx": 0,
  "providers": [
    {
      "delegations": 126,
      "total_price": 2.5221090000000004,
      "total_reward": 220.388277513414,
      "total_cost": 1.2610545000000002,
      "avg_reward": 1.7491133135985246,
      "user_utility": 217.866168513414,
      "provider_utility": 0.0,
      "total_prompt_tokens": 359298,
      "total_completion_tokens": 96281,
      "total_tokens": 455579,
      "avg_tokens_per_delegation": 3615.7063492063494
    },
    {
      "delegations": 126,
      "total_price": 1.8674309999999998,
      "total_reward": 140.7505476012178,
      "total_cost": 0.6707429999999996,
      "avg_reward": 1.1170678381049033,
      "user_utility": 138.88311660121778,
      "provider_utility": 0.2629725000000003,
      "total_prompt_tokens": 334362,
      "total_completion_tokens": 57623,
      "total_tokens": 391985,
      "avg_tokens_per_delegation": 3110.9920634920636
    },
    {
      "delegations": 126,
      "total_price": 1.83663,
      "total_reward": 125.25396885569225,
      "total_cost": 0.6305365,
      "avg_reward": 0.9940791179023191,
      "user_utility": 123.41733885569225,
      "provider_utility": 0.28777849999999994,
      "total_prompt_tokens": 320700,
      "total_completion_tokens": 58302,
      "total_tokens": 379002,
      "avg_tokens_per_delegation": 3007.9523809523807
    }
  ]
}