{
  "total_time": 1000,
  "total_delegations": 378,
  "best_provider_idx": 0,
  "providers": [
    {
      "delegations": 126,
      "total_price": 1.9063499999999993,
      "total_reward": 139.9116897941466,
      "total_cost": 0.6904687500000001,
      "avg_reward": 1.110410236461481,
      "user_utility": 138.0053397941466,
      "provider_utility": 0.2627062499999996,
      "total_prompt_tokens": 333060,
      "total_completion_tokens": 60478,
      "total_tokens": 393538,
      "avg_tokens_per_delegation": 3123.3174603174602
    },
    {
      "delegations": 126,
      "total_price": 1.8589859999999996,
      "total_reward": 117.72074180470963,
      "total_cost": 0.65302675,
      "avg_reward": 0.93429160162468,
      "user_utility": 115.86175580470963,
      "provider_utility": 0.2764662499999998,
      "total_prompt_tokens": 323622,
      "total_completion_tokens": 59208,
      "total_tokens": 382830,
      "avg_tokens_per_delegation": 3038.3333333333335
    },
    {
      "delegations": 126,
      "total_price": 1.9162349999999995,
      "total_reward": 139.2034645224849,
      "total_cost": 0.7190190000000002,
      "avg_reward": 1.1047894009721024,
      "user_utility": 137.2872295224849,
      "provider_utility": 0.23909849999999955,
      "total_prompt_tokens": 324675,
      "total_completion_tokens": 62814,
      "total_tokens": 387489,
      "avg_tokens_per_delegation": 3075.309523809524
    }
  ]
}