{
  "total_time": 1000,
  "total_delegations": 378,
  "best_provider_idx": 0,
  "providers": [
    {
      "delegations": 126,
      "total_price": 1.9063499999999993,
      "total_reward": 233.18614965691103,
      "total_cost": 0.6904687500000001,
      "avg_reward": 1.8506837274358017,
      "user_utility": 231.27979965691102,
      "provider_utility": 0.2627062499999996,
      "total_prompt_tokens": 333060,
      "total_completion_tokens": 60478,
      "total_tokens": 393538,
      "avg_tokens_per_delegation": 3123.3174603174602
    },
    {
      "delegations": 126,
      "total_price": 1.8589859999999996,
      "total_reward": 196.20123634118286,
      "total_cost": 0.65302675,
      "avg_reward": 1.5571526693744664,
      "user_utility": 194.34225034118288,
      "provider_utility": 0.2764662499999998,
      "total_prompt_tokens": 323622,
      "total_completion_tokens": 59208,
      "total_tokens": 382830,
      "avg_tokens_per_delegation": 3038.3333333333335
    },
    {
      "delegations": 126,
      "total_price": 1.9162349999999995,
      "total_reward": 232.00577420414152,
      "total_cost": 0.7190190000000002,
      "avg_reward": 1.8413156682868377,
      "user_utility": 230.08953920414152,
      "provider_utility": 0.23909849999999955,
      "total_prompt_tokens": 324675,
      "total_completion_tokens": 62814,
      "total_tokens": 387489,
      "avg_tokens_per_delegation": 3075.309523809524
    }
  ]
}