{
  "total_time": 1000,
  "total_delegations": 378,
  "best_provider_idx": 0,
  "providers": [
    {
      "delegations": 126,
      "total_price": 1.9063499999999993,
      "total_reward": 139.9116897941466,
      "total_cost": 0.6904687500000001,
      "avg_reward": 1.110410236461481,
      "user_utility": 138.0053397941466,
      "provider_utility": 0.2627062499999996,
      "total_prompt_tokens": 333060,
      "total_completion_tokens": 60478,
      "total_tokens": 393538,
      "avg_tokens_per_delegation": 3123.3174603174602
    },
    {
      "delegations": 126,
      "total_price": 2.5063410000000004,
      "total_reward": 200.93433221304807,
      "total_cost": 1.2531705000000002,
      "avg_reward": 1.594716922325778,
      "user_utility": 198.42799121304807,
      "provider_utility": 0.0,
      "total_prompt_tokens": 361602,
      "total_completion_tokens": 94769,
      "total_tokens": 456371,
      "avg_tokens_per_delegation": 3621.9920634920636
    },
    {
      "delegations": 126,
      "total_price": 2.4657960000000014,
      "total_reward": 196.84545556295691,
      "total_cost": 1.2328980000000007,
      "avg_reward": 1.562265520340928,
      "user_utility": 194.3796595629569,
      "provider_utility": 0.0,
      "total_prompt_tokens": 362502,
      "total_completion_tokens": 91886,
      "total_tokens": 454388,
      "avg_tokens_per_delegation": 3606.253968253968
    }
  ]
}