{
  "total_time": 1000,
  "total_delegations": 378,
  "best_provider_idx": 0,
  "providers": [
    {
      "delegations": 126,
      "total_price": 2.5221090000000004,
      "total_reward": 367.3137958556901,
      "total_cost": 1.2610545000000002,
      "avg_reward": 2.9151888559975414,
      "user_utility": 364.7916868556901,
      "provider_utility": 0.0,
      "total_prompt_tokens": 359298,
      "total_completion_tokens": 96281,
      "total_tokens": 455579,
      "avg_tokens_per_delegation": 3615.7063492063494
    },
    {
      "delegations": 126,
      "total_price": 1.9359989999999994,
      "total_reward": 213.74456047391627,
      "total_cost": 0.7240087499999998,
      "avg_reward": 1.6963854005866372,
      "user_utility": 211.80856147391626,
      "provider_utility": 0.24399074999999992,
      "total_prompt_tokens": 329583,
      "total_completion_tokens": 63150,
      "total_tokens": 392733,
      "avg_tokens_per_delegation": 3116.9285714285716
    },
    {
      "delegations": 126,
      "total_price": 2.4657960000000014,
      "total_reward": 328.07575927159496,
      "total_cost": 1.2328980000000007,
      "avg_reward": 2.60377586723488,
      "user_utility": 325.60996327159495,
      "provider_utility": 0.0,
      "total_prompt_tokens": 362502,
      "total_completion_tokens": 91886,
      "total_tokens": 454388,
      "avg_tokens_per_delegation": 3606.253968253968
    }
  ]
}