{
  "total_time": 1000,
  "total_delegations": 378,
  "best_provider_idx": 0,
  "providers": [
    {
      "delegations": 126,
      "total_price": 2.5221090000000004,
      "total_reward": 220.388277513414,
      "total_cost": 1.2610545000000002,
      "avg_reward": 1.7491133135985246,
      "user_utility": 217.866168513414,
      "provider_utility": 0.0,
      "total_prompt_tokens": 359298,
      "total_completion_tokens": 96281,
      "total_tokens": 455579,
      "avg_tokens_per_delegation": 3615.7063492063494
    },
    {
      "delegations": 126,
      "total_price": 1.9359989999999994,
      "total_reward": 128.24673628434977,
      "total_cost": 0.7240087499999998,
      "avg_reward": 1.0178312403519822,
      "user_utility": 126.31073728434977,
      "provider_utility": 0.24399074999999992,
      "total_prompt_tokens": 329583,
      "total_completion_tokens": 63150,
      "total_tokens": 392733,
      "avg_tokens_per_delegation": 3116.9285714285716
    },
    {
      "delegations": 126,
      "total_price": 2.4657960000000014,
      "total_reward": 196.84545556295691,
      "total_cost": 1.2328980000000007,
      "avg_reward": 1.562265520340928,
      "user_utility": 194.3796595629569,
      "provider_utility": 0.0,
      "total_prompt_tokens": 362502,
      "total_completion_tokens": 91886,
      "total_tokens": 454388,
      "avg_tokens_per_delegation": 3606.253968253968
    }
  ]
}