{
  "total_time": 1000,
  "total_delegations": 957,
  "best_provider_idx": 0,
  "providers": [
    {
      "delegations": 945,
      "total_price": 639.6923699999999,
      "total_reward": 4113.280201529918,
      "total_cost": 127.9384739999998,
      "avg_reward": 4.352677461936422,
      "profit": 3473.587831529918,
      "provider_utility": 1.8474111129762605e-13,
      "total_prompt_tokens": 2294670,
      "total_completion_tokens": 10087872,
      "total_tokens": 12382542,
      "avg_tokens_per_delegation": 13103.219047619048
    },
    {
      "delegations": 6,
      "total_price": 0.0325809,
      "total_reward": 9.78283355063016,
      "total_cost": 0.00308457,
      "avg_reward": 1.63047225843836,
      "profit": 9.750252650630161,
      "provider_utility": 0.01646397,
      "total_prompt_tokens": 14655,
      "total_completion_tokens": 3741,
      "total_tokens": 18396,
      "avg_tokens_per_delegation": 3066.0
    },
    {
      "delegations": 6,
      "total_price": 0.51621,
      "total_reward": 9.688284282748036,
      "total_cost": 0.1076508,
      "avg_reward": 1.6147140471246726,
      "profit": 9.172074282748037,
      "provider_utility": 0.0988332,
      "total_prompt_tokens": 14439,
      "total_completion_tokens": 1384,
      "total_tokens": 15823,
      "avg_tokens_per_delegation": 2637.1666666666665
    }
  ]
}