{
  "total_time": 1000,
  "total_delegations": 378,
  "best_provider_idx": 0,
  "providers": [
    {
      "delegations": 126,
      "total_price": 1.9063499999999993,
      "total_reward": 233.18614965691103,
      "total_cost": 0.6904687500000001,
      "avg_reward": 1.8506837274358017,
      "user_utility": 231.27979965691102,
      "provider_utility": 0.2627062499999996,
      "total_prompt_tokens": 333060,
      "total_completion_tokens": 60478,
      "total_tokens": 393538,
      "avg_tokens_per_delegation": 3123.3174603174602
    },
    {
      "delegations": 126,
      "total_price": 1.9805250000000003,
      "total_reward": 217.75940776577258,
      "total_cost": 0.75815725,
      "avg_reward": 1.7282492679823223,
      "user_utility": 215.77888276577258,
      "provider_utility": 0.23210525000000015,
      "total_prompt_tokens": 326550,
      "total_completion_tokens": 66725,
      "total_tokens": 393275,
      "avg_tokens_per_delegation": 3121.2301587301586
    },
    {
      "delegations": 126,
      "total_price": 1.865412,
      "total_reward": 199.26943487835675,
      "total_cost": 0.6600167499999998,
      "avg_reward": 1.58150345141553,
      "user_utility": 197.40402287835676,
      "provider_utility": 0.2726892500000002,
      "total_prompt_tokens": 323439,
      "total_completion_tokens": 59673,
      "total_tokens": 383112,
      "avg_tokens_per_delegation": 3040.5714285714284
    }
  ]
}