{
  "total_time": 1000,
  "total_delegations": 1000,
  "best_provider_idx": 0,
  "providers": [
    {
      "delegations": 504,
      "total_price": 4.977976299999997,
      "total_reward": 23.471013665025346,
      "total_cost": 1.1865995200000028,
      "avg_reward": 0.04656947155758996,
      "profit": 18.493037365025348,
      "provider_utility": 0.8045909999999963,
      "total_prompt_tokens": 1223589,
      "total_completion_tokens": 825461,
      "total_tokens": 2049050,
      "avg_tokens_per_delegation": 4065.5753968253966
    },
    {
      "delegations": 370,
      "total_price": 119.5457099999999,
      "total_reward": 16.228501324858627,
      "total_cost": 63.81913548000009,
      "avg_reward": 0.04386081439150985,
      "profit": -103.31720867514127,
      "provider_utility": 7.908290519999845,
      "total_prompt_tokens": 922490,
      "total_completion_tokens": 1761806,
      "total_tokens": 2684296,
      "avg_tokens_per_delegation": 7254.854054054054
    },
    {
      "delegations": 126,
      "total_price": 12.360719999999999,
      "total_reward": 4.363558108312751,
      "total_cost": 0.8130963800000003,
      "avg_reward": 0.03463141355803772,
      "profit": -7.997161891687248,
      "provider_utility": 1.65904762,
      "total_prompt_tokens": 304554,
      "total_completion_tokens": 53735,
      "total_tokens": 358289,
      "avg_tokens_per_delegation": 2843.563492063492
    }
  ]
}