{
  "total_time": 1000,
  "total_delegations": 1000,
  "best_provider_idx": 0,
  "providers": [
    {
      "delegations": 441,
      "total_price": 17.4865427,
      "total_reward": 33.21529404104329,
      "total_cost": 6.99461708,
      "avg_reward": 0.07531812707719539,
      "profit": 15.728751341043292,
      "provider_utility": 8.881784197001252e-16,
      "total_prompt_tokens": 1071873,
      "total_completion_tokens": 3706246,
      "total_tokens": 4778119,
      "avg_tokens_per_delegation": 10834.736961451246
    },
    {
      "delegations": 433,
      "total_price": 63.576314999999944,
      "total_reward": 11.867388525343898,
      "total_cost": 28.074950100000002,
      "avg_reward": 0.02740736379987045,
      "profit": -51.708926474656046,
      "provider_utility": 10.070838899999963,
      "total_prompt_tokens": 1053369,
      "total_completion_tokens": 796263,
      "total_tokens": 1849632,
      "avg_tokens_per_delegation": 4271.667436489607
    },
    {
      "delegations": 126,
      "total_price": 12.371939999999997,
      "total_reward": 4.813107127042668,
      "total_cost": 0.90061397,
      "avg_reward": 0.03819926291303705,
      "profit": -7.558832872957328,
      "provider_utility": 1.5737740299999994,
      "total_prompt_tokens": 304554,
      "total_completion_tokens": 53922,
      "total_tokens": 358476,
      "avg_tokens_per_delegation": 2845.0476190476193
    }
  ]
}