{
  "total_time": 1000,
  "total_delegations": 378,
  "best_provider_idx": 0,
  "providers": [
    {
      "delegations": 126,
      "total_price": 2.5221090000000004,
      "total_reward": 367.3137958556901,
      "total_cost": 1.2610545000000002,
      "avg_reward": 2.9151888559975414,
      "user_utility": 364.7916868556901,
      "provider_utility": 0.0,
      "total_prompt_tokens": 359298,
      "total_completion_tokens": 96281,
      "total_tokens": 455579,
      "avg_tokens_per_delegation": 3615.7063492063494
    },
    {
      "delegations": 126,
      "total_price": 1.8674309999999998,
      "total_reward": 234.58424600202977,
      "total_cost": 0.6707429999999996,
      "avg_reward": 1.8617797301748389,
      "user_utility": 232.71681500202976,
      "provider_utility": 0.2629725000000003,
      "total_prompt_tokens": 334362,
      "total_completion_tokens": 57623,
      "total_tokens": 391985,
      "avg_tokens_per_delegation": 3110.9920634920636
    },
    {
      "delegations": 126,
      "total_price": 1.9078980000000003,
      "total_reward": 242.16654060212025,
      "total_cost": 0.6834572499999999,
      "avg_reward": 1.9219566714453986,
      "user_utility": 240.25864260212026,
      "provider_utility": 0.27049175000000025,
      "total_prompt_tokens": 325041,
      "total_completion_tokens": 62185,
      "total_tokens": 387226,
      "avg_tokens_per_delegation": 3073.222222222222
    }
  ]
}