{
  "total_time": 1000,
  "total_delegations": 378,
  "best_provider_idx": 0,
  "providers": [
    {
      "delegations": 126,
      "total_price": 2.5221090000000004,
      "total_reward": 220.388277513414,
      "total_cost": 1.2610545000000002,
      "avg_reward": 1.7491133135985246,
      "user_utility": 217.866168513414,
      "provider_utility": 0.0,
      "total_prompt_tokens": 359298,
      "total_completion_tokens": 96281,
      "total_tokens": 455579,
      "avg_tokens_per_delegation": 3615.7063492063494
    },
    {
      "delegations": 126,
      "total_price": 1.8674309999999998,
      "total_reward": 140.7505476012178,
      "total_cost": 0.6707429999999996,
      "avg_reward": 1.1170678381049033,
      "user_utility": 138.88311660121778,
      "provider_utility": 0.2629725000000003,
      "total_prompt_tokens": 334362,
      "total_completion_tokens": 57623,
      "total_tokens": 391985,
      "avg_tokens_per_delegation": 3110.9920634920636
    },
    {
      "delegations": 126,
      "total_price": 1.9078980000000003,
      "total_reward": 145.2999243612721,
      "total_cost": 0.6834572499999999,
      "avg_reward": 1.1531740028672386,
      "user_utility": 143.39202636127212,
      "provider_utility": 0.27049175000000025,
      "total_prompt_tokens": 325041,
      "total_completion_tokens": 62185,
      "total_tokens": 387226,
      "avg_tokens_per_delegation": 3073.222222222222
    }
  ]
}