{
  "total_time": 1000,
  "total_delegations": 959,
  "best_provider_idx": 1,
  "providers": [
    {
      "delegations": 6,
      "total_price": 2.21643,
      "total_reward": 20.944397993311036,
      "total_cost": 0.39946365,
      "avg_reward": 3.4907329988851727,
      "profit": 18.727967993311037,
      "provider_utility": 0.04382235000000001,
      "total_prompt_tokens": 14286,
      "total_completion_tokens": 33369,
      "total_tokens": 47655,
      "avg_tokens_per_delegation": 7942.5
    },
    {
      "delegations": 947,
      "total_price": 37.89898420000003,
      "total_reward": 4948.791902733181,
      "total_cost": 22.73939052000001,
      "avg_reward": 5.225757025061438,
      "profit": 4910.892918533181,
      "provider_utility": 7.105427357601002e-15,
      "total_prompt_tokens": 2300146,
      "total_completion_tokens": 8038369,
      "total_tokens": 10338515,
      "avg_tokens_per_delegation": 10917.122492080254
    },
    {
      "delegations": 6,
      "total_price": 0.60678,
      "total_reward": 16.279682953590598,
      "total_cost": 0.12093999999999999,
      "avg_reward": 2.7132804922650995,
      "profit": 15.672902953590597,
      "provider_utility": 0.12177200000000002,
      "total_prompt_tokens": 14394,
      "total_completion_tokens": 2916,
      "total_tokens": 17310,
      "avg_tokens_per_delegation": 2885.0
    }
  ]
}