{
  "total_time": 1000000,
  "total_delegations": 52671,
  "best_provider_idx": 0,
  "R": 903642,
  "delta1": 11.195840192374956,
  "delta2": 0.0,
  "delta3": null,
  "M": 0.23637291771156435,
  "providers": [
    {
      "delegations": 20789,
      "delta": 2.2220891754147845,
      "total_output_tokens": 173765772.0,
      "total_reported_output_tokens": 665872968.0,
      "total_reported_price": 6658.729680000002,
      "total_costs": 894.3047758890001,
      "total_rewards": 16631.0297296411,
      "total_user_utility": 9972.3000496411,
      "total_provider_utility": 5098.551936111001
    },
    {
      "delegations": 14754,
      "delta": 1.7061878372607813,
      "total_output_tokens": 150363471.0,
      "total_reported_output_tokens": 443426872.0,
      "total_reported_price": 1951.0782368,
      "total_costs": 362.854768923,
      "total_rewards": 8981.414635430512,
      "total_user_utility": 7030.336398630512,
      "total_provider_utility": 1393.1156441970002
    },
    {
      "delegations": 17128,
      "delta": 2.302229633958311,
      "total_output_tokens": 157673205.0,
      "total_reported_output_tokens": 515683769.0,
      "total_reported_price": 2269.0085836000003,
      "total_costs": 341.27568538199995,
      "total_rewards": 9434.490525691814,
      "total_user_utility": 7165.481942091814,
      "total_provider_utility": 1700.8320398580001
    }
  ]
}