{
  "total_time": 1000,
  "total_delegations": 957,
  "best_provider_idx": 1,
  "providers": [
    {
      "delegations": 6,
      "total_price": 4.377555,
      "total_reward": 18.307692307692307,
      "total_cost": 0.875511,
      "avg_reward": 3.051282051282051,
      "profit": 13.930137307692306,
      "provider_utility": 0.0,
      "total_prompt_tokens": 14253,
      "total_completion_tokens": 69396,
      "total_tokens": 83649,
      "avg_tokens_per_delegation": 13941.5
    },
    {
      "delegations": 945,
      "total_price": 24.185968400000032,
      "total_reward": 4017.6212496853113,
      "total_cost": 13.390668719999997,
      "avg_reward": 4.2514510578680555,
      "profit": 3993.4352812853112,
      "provider_utility": 1.1209123200000217,
      "total_prompt_tokens": 2293908,
      "total_completion_tokens": 4923334,
      "total_tokens": 7217242,
      "avg_tokens_per_delegation": 7637.293121693122
    },
    {
      "delegations": 6,
      "total_price": 0.5057699999999999,
      "total_reward": 9.597574553880412,
      "total_cost": 0.0036138,
      "avg_reward": 1.5995957589800687,
      "profit": 9.091804553880412,
      "provider_utility": 0.1986942,
      "total_prompt_tokens": 14439,
      "total_completion_tokens": 1210,
      "total_tokens": 15649,
      "avg_tokens_per_delegation": 2608.1666666666665
    }
  ]
}