{
  "total_time": 1000000,
  "total_delegations": 954008,
  "best_provider_idx": 1,
  "R": 914251,
  "delta1": 11.195840192374956,
  "delta2": 0.0,
  "delta3": null,
  "M": 0.23637291771156435,
  "providers": [
    {
      "delegations": 7962,
      "delta": -0.9448363020506623,
      "total_output_tokens": 86110287.0,
      "total_reported_output_tokens": 303017796.0,
      "total_reported_price": 3030.177960000001,
      "total_costs": 169.72337567699998,
      "total_rewards": 4358.428617464817,
      "total_user_utility": 1328.250657464816,
      "total_provider_utility": 2557.436788323
    },
    {
      "delegations": 928973,
      "delta": 1.6981270827356687,
      "total_output_tokens": 7793920872.0,
      "total_reported_output_tokens": 35236432999.0,
      "total_reported_price": 155040.30519559956,
      "total_costs": 30631.98657852001,
      "total_rewards": 720809.1700319116,
      "total_user_utility": 565768.8648363119,
      "total_provider_utility": 108904.28809751998
    },
    {
      "delegations": 17073,
      "delta": 2.2885213116297485,
      "total_output_tokens": 157514774.0,
      "total_reported_output_tokens": 513804049.0,
      "total_reported_price": 2260.7378156,
      "total_costs": 341.388009711,
      "total_rewards": 9295.22903619266,
      "total_user_utility": 7034.4912205926585,
      "total_provider_utility": 1693.2760243290004
    }
  ]
}