{
  "total_time": 1000000,
  "total_delegations": 951114,
  "best_provider_idx": 1,
  "R": 927228,
  "delta1": 11.195840192374956,
  "delta2": 0.0,
  "delta3": null,
  "M": 0.23637291771156435,
  "providers": [
    {
      "delegations": 7962,
      "delta": -0.9441216575901628,
      "total_output_tokens": 86190115.0,
      "total_reported_output_tokens": 303017796.0,
      "total_reported_price": 3030.177960000001,
      "total_costs": 169.880716665,
      "total_rewards": 4343.90385588087,
      "total_user_utility": 1313.7258958808688,
      "total_provider_utility": 2557.2794473350004
    },
    {
      "delegations": 935190,
      "delta": -0.9569907978701853,
      "total_output_tokens": 10129088940.0,
      "total_reported_output_tokens": 35591461020.0,
      "total_reported_price": 156602.42848799954,
      "total_costs": 19964.434300740002,
      "total_rewards": 503035.8338847382,
      "total_user_utility": 346433.4053967384,
      "total_provider_utility": 120977.75133846002
    },
    {
      "delegations": 7962,
      "delta": -0.9720432684930191,
      "total_output_tokens": 86066336.0,
      "total_reported_output_tokens": 303017796.0,
      "total_reported_price": 1333.2783024,
      "total_costs": 169.63674825599998,
      "total_rewards": 4244.3628599348185,
      "total_user_utility": 2911.084557534819,
      "total_provider_utility": 1030.3137239040002
    }
  ]
}