{
  "total_time": 1000,
  "total_delegations": 378,
  "best_provider_idx": 2,
  "providers": [
    {
      "delegations": 126,
      "total_price": 1.2568920000000006,
      "total_reward": 77.19548968904033,
      "total_cost": 0.09350549999999996,
      "avg_reward": 0.6126626165796853,
      "user_utility": 75.93859768904034,
      "provider_utility": 0.5349405000000003,
      "total_prompt_tokens": 306609,
      "total_completion_tokens": 22471,
      "total_tokens": 329080,
      "avg_tokens_per_delegation": 2611.746031746032
    },
    {
      "delegations": 126,
      "total_price": 1.225932,
      "total_reward": 79.72673751199407,
      "total_cost": 0.09197550000000004,
      "avg_reward": 0.6327518850158262,
      "user_utility": 78.50080551199407,
      "provider_utility": 0.5209904999999999,
      "total_prompt_tokens": 306789,
      "total_completion_tokens": 20371,
      "total_tokens": 327160,
      "avg_tokens_per_delegation": 2596.5079365079364
    },
    {
      "delegations": 126,
      "total_price": 1.9555080000000002,
      "total_reward": 143.13855724372485,
      "total_cost": 0.7251835000000003,
      "avg_reward": 1.1360202955851175,
      "user_utility": 141.18304924372484,
      "provider_utility": 0.2525704999999998,
      "total_prompt_tokens": 322551,
      "total_completion_tokens": 65857,
      "total_tokens": 388408,
      "avg_tokens_per_delegation": 3082.6031746031745
    }
  ]
}