{
  "total_time": 1000,
  "total_delegations": 378,
  "best_provider_idx": 2,
  "providers": [
    {
      "delegations": 126,
      "total_price": 1.2568920000000006,
      "total_reward": 257.3182989634678,
      "total_cost": 0.09350549999999996,
      "avg_reward": 2.042208721932284,
      "user_utility": 256.0614069634678,
      "provider_utility": 0.5349405000000003,
      "total_prompt_tokens": 306609,
      "total_completion_tokens": 22471,
      "total_tokens": 329080,
      "avg_tokens_per_delegation": 2611.746031746032
    },
    {
      "delegations": 126,
      "total_price": 1.225932,
      "total_reward": 265.755791706647,
      "total_cost": 0.09197550000000004,
      "avg_reward": 2.109172950052754,
      "user_utility": 264.529859706647,
      "provider_utility": 0.5209904999999999,
      "total_prompt_tokens": 306789,
      "total_completion_tokens": 20371,
      "total_tokens": 327160,
      "avg_tokens_per_delegation": 2596.5079365079364
    },
    {
      "delegations": 126,
      "total_price": 1.9555080000000002,
      "total_reward": 477.12852414574945,
      "total_cost": 0.7251835000000003,
      "avg_reward": 3.786734318617058,
      "user_utility": 475.17301614574944,
      "provider_utility": 0.2525704999999998,
      "total_prompt_tokens": 322551,
      "total_completion_tokens": 65857,
      "total_tokens": 388408,
      "avg_tokens_per_delegation": 3082.6031746031745
    }
  ]
}