{
  "total_time": 1000000,
  "total_delegations": 52517,
  "best_provider_idx": 0,
  "R": 903752,
  "delta1": 11.195840192374956,
  "delta2": 0.0,
  "delta3": null,
  "M": 0.23637291771156435,
  "providers": [
    {
      "delegations": 20746,
      "delta": 2.2113260696167347,
      "total_output_tokens": 174760900.0,
      "total_reported_output_tokens": 664508392.0,
      "total_reported_price": 6645.083920000002,
      "total_costs": 902.320890516,
      "total_rewards": 16539.876869523298,
      "total_user_utility": 9894.792949523295,
      "total_provider_utility": 5078.254637484001
    },
    {
      "delegations": 14662,
      "delta": 1.682935247565301,
      "total_output_tokens": 149372624.0,
      "total_reported_output_tokens": 440140252.0,
      "total_reported_price": 1936.6171088,
      "total_costs": 361.32887960999994,
      "total_rewards": 8892.270021018252,
      "total_user_utility": 6955.652912218253,
      "total_provider_utility": 1381.6265183100004
    },
    {
      "delegations": 17109,
      "delta": 2.29788323639202,
      "total_output_tokens": 157431901.0,
      "total_reported_output_tokens": 515061256.0,
      "total_reported_price": 2266.2695264000004,
      "total_costs": 341.00014671899993,
      "total_rewards": 9556.992825074198,
      "total_user_utility": 7290.723298674197,
      "total_provider_utility": 1698.642427041
    }
  ]
}