{
  "total_time": 1000,
  "total_delegations": 963,
  "best_provider_idx": 1,
  "providers": [
    {
      "delegations": 6,
      "total_price": 4.377555,
      "total_reward": 18.307692307692307,
      "total_cost": 0.875511,
      "avg_reward": 3.051282051282051,
      "profit": 13.930137307692306,
      "provider_utility": 0.0,
      "total_prompt_tokens": 14253,
      "total_completion_tokens": 69396,
      "total_tokens": 83649,
      "avg_tokens_per_delegation": 13941.5
    },
    {
      "delegations": 951,
      "total_price": 38.056222600000034,
      "total_reward": 4962.253441194719,
      "total_cost": 22.833733560000013,
      "avg_reward": 5.217932114820946,
      "profit": 4924.197218594719,
      "provider_utility": 7.105427357601002e-15,
      "total_prompt_tokens": 2309958,
      "total_completion_tokens": 8071652,
      "total_tokens": 10381610,
      "avg_tokens_per_delegation": 10916.519453207151
    },
    {
      "delegations": 6,
      "total_price": 0.51621,
      "total_reward": 9.688284282748036,
      "total_cost": 0.1076508,
      "avg_reward": 1.6147140471246726,
      "profit": 9.172074282748037,
      "provider_utility": 0.0988332,
      "total_prompt_tokens": 14439,
      "total_completion_tokens": 1384,
      "total_tokens": 15823,
      "avg_tokens_per_delegation": 2637.1666666666665
    }
  ]
}