{
  "total_time": 1000000,
  "total_delegations": 45891,
  "best_provider_idx": 0,
  "R": 914245,
  "delta1": 11.195840192374956,
  "delta2": 0.0,
  "delta3": null,
  "M": 0.23637291771156435,
  "providers": [
    {
      "delegations": 20708,
      "delta": 2.201612042730434,
      "total_output_tokens": 207720670.0,
      "total_reported_output_tokens": 446638107.0,
      "total_reported_price": 4466.381070000001,
      "total_costs": 596.591704539,
      "total_rewards": 13057.25400345268,
      "total_user_utility": 8590.872933452678,
      "total_provider_utility": 3423.151258461001
    },
    {
      "delegations": 7962,
      "delta": -0.9808233364524792,
      "total_output_tokens": 86346323.0,
      "total_reported_output_tokens": 303017796.0,
      "total_reported_price": 1333.2783024,
      "total_costs": 170.18860263299996,
      "total_rewards": 4266.5903083227295,
      "total_user_utility": 2933.3120059227294,
      "total_provider_utility": 1029.7618695270003
    },
    {
      "delegations": 17221,
      "delta": 2.3259251888149586,
      "total_output_tokens": 158362059.0,
      "total_reported_output_tokens": 519050731.0,
      "total_reported_price": 2283.8232164,
      "total_costs": 342.290449368,
      "total_rewards": 9493.99201142378,
      "total_user_utility": 7210.16879502378,
      "total_provider_utility": 1713.1504453920002
    }
  ]
}