{
  "total_time": 1000,
  "total_delegations": 425,
  "best_provider_idx": 0,
  "providers": [
    {
      "delegations": 173,
      "total_price": 2.822307000000003,
      "total_reward": 388.13663784160855,
      "total_cost": 1.14744825,
      "avg_reward": 2.243564380587332,
      "user_utility": 385.3143308416085,
      "provider_utility": 0.26370525000000145,
      "total_prompt_tokens": 465234,
      "total_completion_tokens": 95107,
      "total_tokens": 560341,
      "avg_tokens_per_delegation": 3238.965317919075
    },
    {
      "delegations": 126,
      "total_price": 1.8719759999999994,
      "total_reward": 230.3080913058495,
      "total_cost": 0.6710182499999997,
      "avg_reward": 1.827841994490869,
      "user_utility": 228.4361153058495,
      "provider_utility": 0.26496975,
      "total_prompt_tokens": 334842,
      "total_completion_tokens": 57830,
      "total_tokens": 392672,
      "avg_tokens_per_delegation": 3116.4444444444443
    },
    {
      "delegations": 126,
      "total_price": 1.8332430000000004,
      "total_reward": 232.76769710985718,
      "total_cost": 0.6606712499999998,
      "avg_reward": 1.8473626754750563,
      "user_utility": 230.93445410985717,
      "provider_utility": 0.2559502500000004,
      "total_prompt_tokens": 334866,
      "total_completion_tokens": 55243,
      "total_tokens": 390109,
      "avg_tokens_per_delegation": 3096.1031746031745
    }
  ]
}