{
  "total_time": 1000,
  "total_delegations": 485,
  "best_provider_idx": 0,
  "providers": [
    {
      "delegations": 233,
      "total_price": 4.029450000000001,
      "total_reward": 1087.4444896098757,
      "total_cost": 1.7496637499999999,
      "avg_reward": 4.667143732231228,
      "user_utility": 1083.4150396098757,
      "provider_utility": 0.26506125000000047,
      "total_prompt_tokens": 639270,
      "total_completion_tokens": 140776,
      "total_tokens": 780046,
      "avg_tokens_per_delegation": 3347.8369098712446
    },
    {
      "delegations": 126,
      "total_price": 1.8556559999999998,
      "total_reward": 461.0722484238428,
      "total_cost": 0.6701392499999996,
      "avg_reward": 3.6593035589193867,
      "user_utility": 459.21659242384277,
      "provider_utility": 0.25768875000000024,
      "total_prompt_tokens": 334212,
      "total_completion_tokens": 56868,
      "total_tokens": 391080,
      "avg_tokens_per_delegation": 3103.809523809524
    },
    {
      "delegations": 126,
      "total_price": 1.8285479999999998,
      "total_reward": 482.58028382642686,
      "total_cost": 0.6604125000000001,
      "avg_reward": 3.830002252590687,
      "user_utility": 480.75173582642685,
      "provider_utility": 0.25386149999999985,
      "total_prompt_tokens": 334626,
      "total_completion_tokens": 54978,
      "total_tokens": 389604,
      "avg_tokens_per_delegation": 3092.095238095238
    }
  ]
}