{
  "total_time": 1000,
  "total_delegations": 948,
  "best_provider_idx": 1,
  "providers": [
    {
      "delegations": 6,
      "total_price": 0.44648999999999994,
      "total_reward": 13.498362662905512,
      "total_cost": 0.00089298,
      "avg_reward": 2.249727110484252,
      "profit": 13.051872662905511,
      "provider_utility": 0.08840501999999999,
      "total_prompt_tokens": 14394,
      "total_completion_tokens": 3843,
      "total_tokens": 18237,
      "avg_tokens_per_delegation": 3039.5
    },
    {
      "delegations": 936,
      "total_price": 20.378771600000043,
      "total_reward": 3776.7500416661,
      "total_cost": 10.844077530000005,
      "avg_reward": 4.034989360754384,
      "profit": 3756.3712700661,
      "provider_utility": 1.3831854300000206,
      "total_prompt_tokens": 2271552,
      "total_completion_tokens": 4063651,
      "total_tokens": 6335203,
      "avg_tokens_per_delegation": 6768.379273504273
    },
    {
      "delegations": 6,
      "total_price": 0.49215000000000003,
      "total_reward": 11.642305625343383,
      "total_cost": 0.0034866,
      "avg_reward": 1.9403842708905639,
      "profit": 11.150155625343382,
      "provider_utility": 0.19337340000000003,
      "total_prompt_tokens": 14349,
      "total_completion_tokens": 1028,
      "total_tokens": 15377,
      "avg_tokens_per_delegation": 2562.8333333333335
    }
  ]
}