{
  "total_time": 1000,
  "total_delegations": 378,
  "best_provider_idx": 1,
  "providers": [
    {
      "delegations": 126,
      "total_price": 1.9001130000000008,
      "total_reward": 204.5804442904106,
      "total_cost": 0.6674742499999997,
      "avg_reward": 1.6236543197651636,
      "user_utility": 202.6803312904106,
      "provider_utility": 0.2825822500000007,
      "total_prompt_tokens": 323751,
      "total_completion_tokens": 61924,
      "total_tokens": 385675,
      "avg_tokens_per_delegation": 3060.9126984126983
    },
    {
      "delegations": 126,
      "total_price": 1.8666659999999995,
      "total_reward": 225.59937626176992,
      "total_cost": 0.6706267500000002,
      "avg_reward": 1.7904712401727767,
      "user_utility": 223.7327102617699,
      "provider_utility": 0.2627062499999996,
      "total_prompt_tokens": 333582,
      "total_completion_tokens": 57728,
      "total_tokens": 391310,
      "avg_tokens_per_delegation": 3105.6349206349205
    },
    {
      "delegations": 126,
      "total_price": 1.8428429999999996,
      "total_reward": 233.5553678447256,
      "total_cost": 0.6611062500000002,
      "avg_reward": 1.853614030513695,
      "user_utility": 231.7125248447256,
      "provider_utility": 0.26031524999999955,
      "total_prompt_tokens": 334416,
      "total_completion_tokens": 55973,
      "total_tokens": 390389,
      "avg_tokens_per_delegation": 3098.3253968253966
    }
  ]
}