{
  "total_time": 1000,
  "total_delegations": 954,
  "best_provider_idx": 1,
  "providers": [
    {
      "delegations": 6,
      "total_price": 0.44648999999999994,
      "total_reward": 13.498362662905512,
      "total_cost": 0.00089298,
      "avg_reward": 2.249727110484252,
      "profit": 13.051872662905511,
      "provider_utility": 0.08840501999999999,
      "total_prompt_tokens": 14394,
      "total_completion_tokens": 3843,
      "total_tokens": 18237,
      "avg_tokens_per_delegation": 3039.5
    },
    {
      "delegations": 942,
      "total_price": 23.818000800000036,
      "total_reward": 3983.168414295145,
      "total_cost": 13.14681231,
      "avg_reward": 4.22841657568487,
      "profit": 3959.350413495145,
      "provider_utility": 1.1439881700000214,
      "total_prompt_tokens": 2286168,
      "total_completion_tokens": 4841640,
      "total_tokens": 7127808,
      "avg_tokens_per_delegation": 7566.675159235669
    },
    {
      "delegations": 6,
      "total_price": 0.53151,
      "total_reward": 18.27948384567378,
      "total_cost": 0.14441020000000002,
      "avg_reward": 3.04658064094563,
      "profit": 17.74797384567378,
      "provider_utility": 0.0681938,
      "total_prompt_tokens": 14349,
      "total_completion_tokens": 1684,
      "total_tokens": 16033,
      "avg_tokens_per_delegation": 2672.1666666666665
    }
  ]
}